po_id,item_id,order_qty,order_date,received_date,supplier_id
PO000001,SKU_0081,491,2023-12-01,2023-12-10,5
PO000002,SKU_0174,252,2023-12-02,2023-12-11,16
PO000003,SKU_0152,460,2023-12-03,2023-12-12,11
PO000004,SKU_0075,70,2023-12-04,2023-12-13,5
PO000005,SKU_0026,600,2023-12-05,2023-12-14,13
PO000006,SKU_0127,784,2023-12-06,2023-12-15,11
PO000007,SKU_0115,151,2023-12-07,2023-12-16,19
PO000008,SKU_0126,95,2023-12-08,2023-12-17,3
PO000009,SKU_0028,115,2023-12-09,2023-12-18,15
PO000010,SKU_0131,652,2023-12-10,2023-12-19,7
PO000011,SKU_0075,213,2023-12-11,2023-12-20,7
PO000012,SKU_0166,160,2023-12-12,2023-12-21,6
PO000013,SKU_0189,387,2023-12-13,2023-12-22,3
PO000014,SKU_0078,172,2023-12-14,2023-12-23,13
PO000015,SKU_0179,754,2023-12-15,2023-12-24,7
PO000016,SKU_0090,496,2023-12-16,2023-12-25,5
PO000017,SKU_0176,660,2023-12-17,2023-12-26,18
PO000018,SKU_0021,340,2023-12-18,2023-12-27,8
PO000019,SKU_0054,720,2023-12-19,2023-12-28,17
PO000020,SKU_0184,461,2023-12-20,2023-12-29,20
PO000021,SKU_0103,664,2023-12-21,2023-12-30,1
PO000022,SKU_0059,946,2023-12-22,2023-12-31,14
PO000023,SKU_0072,330,2023-12-23,2024-01-01,17
PO000024,SKU_0179,92,2023-12-24,2024-01-02,10
PO000025,SKU_0020,535,2023-12-25,2024-01-03,12
PO000026,SKU_0112,645,2023-12-26,2024-01-04,16
PO000027,SKU_0059,752,2023-12-27,2024-01-05,14
PO000028,SKU_0071,100,2023-12-28,2024-01-06,16
PO000029,SKU_0137,947,2023-12-29,2024-01-07,8
PO000030,SKU_0109,259,2023-12-30,2024-01-08,10
PO000031,SKU_0129,175,2023-12-31,2024-01-09,17
PO000032,SKU_0157,541,2024-01-01,2024-01-10,18
PO000033,SKU_0191,558,2024-01-02,2024-01-11,20
PO000034,SKU_0200,630,2024-01-03,2024-01-12,16
PO000035,SKU_0056,826,2024-01-04,2024-01-13,17
PO000036,SKU_0196,307,2024-01-05,2024-01-14,16
PO000037,SKU_0035,979,2024-01-06,2024-01-15,19
PO000038,SKU_0123,237,2024-01-07,2024-01-16,8
PO000039,SKU_0131,279,2024-01-08,2024-01-17,6
PO000040,SKU_0104,238,2024-01-09,2024-01-18,6
PO000041,SKU_0007,464,2024-01-10,2024-01-19,9
PO000042,SKU_0027,59,2024-01-11,2024-01-20,4
PO000043,SKU_0001,163,2024-01-12,2024-01-21,12
PO000044,SKU_0199,125,2024-01-13,2024-01-22,12
PO000045,SKU_0172,725,2024-01-14,2024-01-23,17
PO000046,SKU_0087,551,2024-01-15,2024-01-24,15
PO000047,SKU_0041,134,2024-01-16,2024-01-25,9
PO000048,SKU_0123,98,2024-01-17,2024-01-26,7
PO000049,SKU_0075,544,2024-01-18,2024-01-27,10
PO000050,SKU_0042,887,2024-01-19,2024-01-28,16
PO000051,SKU_0117,738,2024-01-20,2024-01-29,12
PO000052,SKU_0161,436,2024-01-21,2024-01-30,7
PO000053,SKU_0178,438,2024-01-22,2024-01-31,18
PO000054,SKU_0063,267,2024-01-23,2024-02-01,15
PO000055,SKU_0165,750,2024-01-24,2024-02-02,6
PO000056,SKU_0187,395,2024-01-25,2024-02-03,12
PO000057,SKU_0127,279,2024-01-26,2024-02-04,11
PO000058,SKU_0176,304,2024-01-27,2024-02-05,20
PO000059,SKU_0133,285,2024-01-28,2024-02-06,3
PO000060,SKU_0048,75,2024-01-29,2024-02-07,2
PO000061,SKU_0003,633,2024-01-30,2024-02-08,6
PO000062,SKU_0116,310,2024-01-31,2024-02-09,5
PO000063,SKU_0175,815,2024-02-01,2024-02-10,18
PO000064,SKU_0190,320,2024-02-02,2024-02-11,16
PO000065,SKU_0099,172,2024-02-03,2024-02-12,8
PO000066,SKU_0116,705,2024-02-04,2024-02-13,20
PO000067,SKU_0014,306,2024-02-05,2024-02-14,11
PO000068,SKU_0191,705,2024-02-06,2024-02-15,10
PO000069,SKU_0112,470,2024-02-07,2024-02-16,12
PO000070,SKU_0061,308,2024-02-08,2024-02-17,6
PO000071,SKU_0159,997,2024-02-09,2024-02-18,20
PO000072,SKU_0095,96,2024-02-10,2024-02-19,5
PO000073,SKU_0017,912,2024-02-11,2024-02-20,9
PO000074,SKU_0124,574,2024-02-12,2024-02-21,16
PO000075,SKU_0024,937,2024-02-13,2024-02-22,14
PO000076,SKU_0116,257,2024-02-14,2024-02-23,8
PO000077,SKU_0151,360,2024-02-15,2024-02-24,20
PO000078,SKU_0082,796,2024-02-16,2024-02-25,19
PO000079,SKU_0050,198,2024-02-17,2024-02-26,14
PO000080,SKU_0079,883,2024-02-18,2024-02-27,7
PO000081,SKU_0079,487,2024-02-19,2024-02-28,5
PO000082,SKU_0070,204,2024-02-20,2024-02-29,18
PO000083,SKU_0027,727,2024-02-21,2024-03-01,2
PO000084,SKU_0015,139,2024-02-22,2024-03-02,11
PO000085,SKU_0050,747,2024-02-23,2024-03-03,8
PO000086,SKU_0036,879,2024-02-24,2024-03-04,1
PO000087,SKU_0008,407,2024-02-25,2024-03-05,12
PO000088,SKU_0079,223,2024-02-26,2024-03-06,2
PO000089,SKU_0131,266,2024-02-27,2024-03-07,18
PO000090,SKU_0190,956,2024-02-28,2024-03-08,7
PO000091,SKU_0047,505,2024-02-29,2024-03-09,17
PO000092,SKU_0105,825,2024-03-01,2024-03-10,14
PO000093,SKU_0098,658,2024-03-02,2024-03-11,7
PO000094,SKU_0096,678,2024-03-03,2024-03-12,3
PO000095,SKU_0189,248,2024-03-04,2024-03-13,6
PO000096,SKU_0160,881,2024-03-05,2024-03-14,20
PO000097,SKU_0116,535,2024-03-06,2024-03-15,2
PO000098,SKU_0013,582,2024-03-07,2024-03-16,17
PO000099,SKU_0001,249,2024-03-08,2024-03-17,12
PO000100,SKU_0034,420,2024-03-09,2024-03-18,12
PO000101,SKU_0190,902,2024-03-10,2024-03-19,17
PO000102,SKU_0079,497,2024-03-11,2024-03-20,10
PO000103,SKU_0078,297,2024-03-12,2024-03-21,3
PO000104,SKU_0121,837,2024-03-13,2024-03-22,20
PO000105,SKU_0093,313,2024-03-14,2024-03-23,18
PO000106,SKU_0098,107,2024-03-15,2024-03-24,13
PO000107,SKU_0082,351,2024-03-16,2024-03-25,12
PO000108,SKU_0199,80,2024-03-17,2024-03-26,17
PO000109,SKU_0159,547,2024-03-18,2024-03-27,4
PO000110,SKU_0192,298,2024-03-19,2024-03-28,10
PO000111,SKU_0153,654,2024-03-20,2024-03-29,11
PO000112,SKU_0038,826,2024-03-21,2024-03-30,6
PO000113,SKU_0014,320,2024-03-22,2024-03-31,6
PO000114,SKU_0136,655,2024-03-23,2024-04-01,9
PO000115,SKU_0091,715,2024-03-24,2024-04-02,15
PO000116,SKU_0054,443,2024-03-25,2024-04-03,2
PO000117,SKU_0130,846,2024-03-26,2024-04-04,4
PO000118,SKU_0101,551,2024-03-27,2024-04-05,5
PO000119,SKU_0089,641,2024-03-28,2024-04-06,17
PO000120,SKU_0056,853,2024-03-29,2024-04-07,8
PO000121,SKU_0094,133,2024-03-30,2024-04-08,8
PO000122,SKU_0093,414,2024-03-31,2024-04-09,12
PO000123,SKU_0084,935,2024-04-01,2024-04-10,8
PO000124,SKU_0085,598,2024-04-02,2024-04-11,19
PO000125,SKU_0189,391,2024-04-03,2024-04-12,3
PO000126,SKU_0022,888,2024-04-04,2024-04-13,18
PO000127,SKU_0035,456,2024-04-05,2024-04-14,19
PO000128,SKU_0016,474,2024-04-06,2024-04-15,19
PO000129,SKU_0050,793,2024-04-07,2024-04-16,15
PO000130,SKU_0122,142,2024-04-08,2024-04-17,6
PO000131,SKU_0128,897,2024-04-09,2024-04-18,16
PO000132,SKU_0113,663,2024-04-10,2024-04-19,8
PO000133,SKU_0171,461,2024-04-11,2024-04-20,16
PO000134,SKU_0017,481,2024-04-12,2024-04-21,18
PO000135,SKU_0080,727,2024-04-13,2024-04-22,20
PO000136,SKU_0186,208,2024-04-14,2024-04-23,16
PO000137,SKU_0130,63,2024-04-15,2024-04-24,11
PO000138,SKU_0132,422,2024-04-16,2024-04-25,7
PO000139,SKU_0085,274,2024-04-17,2024-04-26,17
PO000140,SKU_0167,554,2024-04-18,2024-04-27,17
PO000141,SKU_0094,122,2024-04-19,2024-04-28,12
PO000142,SKU_0134,298,2024-04-20,2024-04-29,13
PO000143,SKU_0081,560,2024-04-21,2024-04-30,10
PO000144,SKU_0069,652,2024-04-22,2024-05-01,7
PO000145,SKU_0069,265,2024-04-23,2024-05-02,14
PO000146,SKU_0148,651,2024-04-24,2024-05-03,1
PO000147,SKU_0192,590,2024-04-25,2024-05-04,17
PO000148,SKU_0016,996,2024-04-26,2024-05-05,4
PO000149,SKU_0051,866,2024-04-27,2024-05-06,5
PO000150,SKU_0105,988,2024-04-28,2024-05-07,20
PO000151,SKU_0165,269,2024-04-29,2024-05-08,7
PO000152,SKU_0197,889,2024-04-30,2024-05-09,10
PO000153,SKU_0170,776,2024-05-01,2024-05-10,17
PO000154,SKU_0185,270,2024-05-02,2024-05-11,7
PO000155,SKU_0066,438,2024-05-03,2024-05-12,1
PO000156,SKU_0009,603,2024-05-04,2024-05-13,7
PO000157,SKU_0107,696,2024-05-05,2024-05-14,11
PO000158,SKU_0100,91,2024-05-06,2024-05-15,9
PO000159,SKU_0086,725,2024-05-07,2024-05-16,12
PO000160,SKU_0064,922,2024-05-08,2024-05-17,3
PO000161,SKU_0022,332,2024-05-09,2024-05-18,4
PO000162,SKU_0162,107,2024-05-10,2024-05-19,4
PO000163,SKU_0183,863,2024-05-11,2024-05-20,13
PO000164,SKU_0157,883,2024-05-12,2024-05-21,19
PO000165,SKU_0166,586,2024-05-13,2024-05-22,10
PO000166,SKU_0110,122,2024-05-14,2024-05-23,5
PO000167,SKU_0097,934,2024-05-15,2024-05-24,7
PO000168,SKU_0018,972,2024-05-16,2024-05-25,16
PO000169,SKU_0071,178,2024-05-17,2024-05-26,1
PO000170,SKU_0193,648,2024-05-18,2024-05-27,12
PO000171,SKU_0127,891,2024-05-19,2024-05-28,2
PO000172,SKU_0097,475,2024-05-20,2024-05-29,7
PO000173,SKU_0001,997,2024-05-21,2024-05-30,11
PO000174,SKU_0132,714,2024-05-22,2024-05-31,13
PO000175,SKU_0004,743,2024-05-23,2024-06-01,2
PO000176,SKU_0125,174,2024-05-24,2024-06-02,7
PO000177,SKU_0082,116,2024-05-25,2024-06-03,15
PO000178,SKU_0027,55,2024-05-26,2024-06-04,11
PO000179,SKU_0171,686,2024-05-27,2024-06-05,2
PO000180,SKU_0059,363,2024-05-28,2024-06-06,7
PO000181,SKU_0032,375,2024-05-29,2024-06-07,4
PO000182,SKU_0161,614,2024-05-30,2024-06-08,11
PO000183,SKU_0028,627,2024-05-31,2024-06-09,2
PO000184,SKU_0106,875,2024-06-01,2024-06-10,16
PO000185,SKU_0105,555,2024-06-02,2024-06-11,7
PO000186,SKU_0183,131,2024-06-03,2024-06-12,13
PO000187,SKU_0188,648,2024-06-04,2024-06-13,5
PO000188,SKU_0070,51,2024-06-05,2024-06-14,17
PO000189,SKU_0062,253,2024-06-06,2024-06-15,12
PO000190,SKU_0034,711,2024-06-07,2024-06-16,19
PO000191,SKU_0087,854,2024-06-08,2024-06-17,7
PO000192,SKU_0114,453,2024-06-09,2024-06-18,6
PO000193,SKU_0106,152,2024-06-10,2024-06-19,8
PO000194,SKU_0056,585,2024-06-11,2024-06-20,13
PO000195,SKU_0113,417,2024-06-12,2024-06-21,5
PO000196,SKU_0013,261,2024-06-13,2024-06-22,2
PO000197,SKU_0184,626,2024-06-14,2024-06-23,9
PO000198,SKU_0018,258,2024-06-15,2024-06-24,11
PO000199,SKU_0182,812,2024-06-16,2024-06-25,6
PO000200,SKU_0113,946,2024-06-17,2024-06-26,7
PO000201,SKU_0171,166,2024-06-18,2024-06-27,7
PO000202,SKU_0039,677,2024-06-19,2024-06-28,19
PO000203,SKU_0189,798,2024-06-20,2024-06-29,6
PO000204,SKU_0170,527,2024-06-21,2024-06-30,11
PO000205,SKU_0079,154,2024-06-22,2024-07-01,11
PO000206,SKU_0146,544,2024-06-23,2024-07-02,7
PO000207,SKU_0151,820,2024-06-24,2024-07-03,2
PO000208,SKU_0182,95,2024-06-25,2024-07-04,19
PO000209,SKU_0030,872,2024-06-26,2024-07-05,4
PO000210,SKU_0098,380,2024-06-27,2024-07-06,6
PO000211,SKU_0058,265,2024-06-28,2024-07-07,17
PO000212,SKU_0196,541,2024-06-29,2024-07-08,5
PO000213,SKU_0067,862,2024-06-30,2024-07-09,7
PO000214,SKU_0071,971,2024-07-01,2024-07-10,9
PO000215,SKU_0146,894,2024-07-02,2024-07-11,1
PO000216,SKU_0106,498,2024-07-03,2024-07-12,1
PO000217,SKU_0007,585,2024-07-04,2024-07-13,19
PO000218,SKU_0040,560,2024-07-05,2024-07-14,6
PO000219,SKU_0070,507,2024-07-06,2024-07-15,18
PO000220,SKU_0193,596,2024-07-07,2024-07-16,10
PO000221,SKU_0068,585,2024-07-08,2024-07-17,11
PO000222,SKU_0049,589,2024-07-09,2024-07-18,1
PO000223,SKU_0052,533,2024-07-10,2024-07-19,1
PO000224,SKU_0114,65,2024-07-11,2024-07-20,13
PO000225,SKU_0107,620,2024-07-12,2024-07-21,5
PO000226,SKU_0029,292,2024-07-13,2024-07-22,20
PO000227,SKU_0149,999,2024-07-14,2024-07-23,1
PO000228,SKU_0078,256,2024-07-15,2024-07-24,20
PO000229,SKU_0009,961,2024-07-16,2024-07-25,3
PO000230,SKU_0175,320,2024-07-17,2024-07-26,18
PO000231,SKU_0076,810,2024-07-18,2024-07-27,9
PO000232,SKU_0042,828,2024-07-19,2024-07-28,14
PO000233,SKU_0179,754,2024-07-20,2024-07-29,17
PO000234,SKU_0184,896,2024-07-21,2024-07-30,14
PO000235,SKU_0179,779,2024-07-22,2024-07-31,4
PO000236,SKU_0198,164,2024-07-23,2024-08-01,5
PO000237,SKU_0128,629,2024-07-24,2024-08-02,17
PO000238,SKU_0020,348,2024-07-25,2024-08-03,2
PO000239,SKU_0155,886,2024-07-26,2024-08-04,5
PO000240,SKU_0166,532,2024-07-27,2024-08-05,4
PO000241,SKU_0072,446,2024-07-28,2024-08-06,4
PO000242,SKU_0065,443,2024-07-29,2024-08-07,6
PO000243,SKU_0182,124,2024-07-30,2024-08-08,20
PO000244,SKU_0113,531,2024-07-31,2024-08-09,13
PO000245,SKU_0024,152,2024-08-01,2024-08-10,5
PO000246,SKU_0128,346,2024-08-02,2024-08-11,7
PO000247,SKU_0175,227,2024-08-03,2024-08-12,20
PO000248,SKU_0199,264,2024-08-04,2024-08-13,1
PO000249,SKU_0083,364,2024-08-05,2024-08-14,14
PO000250,SKU_0063,88,2024-08-06,2024-08-15,4
PO000251,SKU_0185,308,2024-08-07,2024-08-16,17
PO000252,SKU_0183,765,2024-08-08,2024-08-17,14
PO000253,SKU_0060,56,2024-08-09,2024-08-18,16
PO000254,SKU_0099,98,2024-08-10,2024-08-19,14
PO000255,SKU_0062,587,2024-08-11,2024-08-20,16
PO000256,SKU_0030,210,2024-08-12,2024-08-21,20
PO000257,SKU_0022,918,2024-08-13,2024-08-22,8
PO000258,SKU_0126,225,2024-08-14,2024-08-23,3
PO000259,SKU_0157,640,2024-08-15,2024-08-24,19
PO000260,SKU_0169,51,2024-08-16,2024-08-25,1
PO000261,SKU_0042,944,2024-08-17,2024-08-26,2
PO000262,SKU_0098,504,2024-08-18,2024-08-27,15
PO000263,SKU_0193,977,2024-08-19,2024-08-28,10
PO000264,SKU_0031,693,2024-08-20,2024-08-29,18
PO000265,SKU_0158,325,2024-08-21,2024-08-30,14
PO000266,SKU_0112,547,2024-08-22,2024-08-31,17
PO000267,SKU_0146,678,2024-08-23,2024-09-01,13
PO000268,SKU_0122,725,2024-08-24,2024-09-02,1
PO000269,SKU_0017,849,2024-08-25,2024-09-03,5
PO000270,SKU_0038,77,2024-08-26,2024-09-04,13
PO000271,SKU_0142,382,2024-08-27,2024-09-05,14
PO000272,SKU_0110,50,2024-08-28,2024-09-06,3
PO000273,SKU_0184,237,2024-08-29,2024-09-07,15
PO000274,SKU_0022,105,2024-08-30,2024-09-08,19
PO000275,SKU_0195,596,2024-08-31,2024-09-09,17
PO000276,SKU_0056,161,2024-09-01,2024-09-10,3
PO000277,SKU_0119,847,2024-09-02,2024-09-11,16
PO000278,SKU_0147,359,2024-09-03,2024-09-12,14
PO000279,SKU_0057,85,2024-09-04,2024-09-13,12
PO000280,SKU_0172,488,2024-09-05,2024-09-14,12
PO000281,SKU_0035,778,2024-09-06,2024-09-15,11
PO000282,SKU_0114,641,2024-09-07,2024-09-16,17
PO000283,SKU_0125,875,2024-09-08,2024-09-17,8
PO000284,SKU_0129,644,2024-09-09,2024-09-18,17
PO000285,SKU_0052,626,2024-09-10,2024-09-19,20
PO000286,SKU_0085,374,2024-09-11,2024-09-20,11
PO000287,SKU_0198,689,2024-09-12,2024-09-21,2
PO000288,SKU_0165,356,2024-09-13,2024-09-22,10
PO000289,SKU_0065,583,2024-09-14,2024-09-23,10
PO000290,SKU_0179,777,2024-09-15,2024-09-24,11
PO000291,SKU_0129,668,2024-09-16,2024-09-25,6
PO000292,SKU_0021,158,2024-09-17,2024-09-26,4
PO000293,SKU_0181,421,2024-09-18,2024-09-27,12
PO000294,SKU_0016,406,2024-09-19,2024-09-28,11
PO000295,SKU_0123,230,2024-09-20,2024-09-29,13
PO000296,SKU_0061,405,2024-09-21,2024-09-30,5
PO000297,SKU_0054,725,2024-09-22,2024-10-01,6
PO000298,SKU_0168,117,2024-09-23,2024-10-02,1
PO000299,SKU_0026,341,2024-09-24,2024-10-03,6
PO000300,SKU_0080,741,2024-09-25,2024-10-04,18
PO000301,SKU_0065,230,2024-09-26,2024-10-05,9
PO000302,SKU_0100,515,2024-09-27,2024-10-06,15
PO000303,SKU_0074,483,2024-09-28,2024-10-07,8
PO000304,SKU_0192,513,2024-09-29,2024-10-08,19
PO000305,SKU_0171,730,2024-09-30,2024-10-09,16
PO000306,SKU_0017,963,2024-10-01,2024-10-10,6
PO000307,SKU_0121,583,2024-10-02,2024-10-11,6
PO000308,SKU_0187,115,2024-10-03,2024-10-12,3
PO000309,SKU_0023,70,2024-10-04,2024-10-13,10
PO000310,SKU_0135,661,2024-10-05,2024-10-14,1
PO000311,SKU_0172,433,2024-10-06,2024-10-15,14
PO000312,SKU_0181,861,2024-10-07,2024-10-16,4
PO000313,SKU_0071,664,2024-10-08,2024-10-17,12
PO000314,SKU_0108,608,2024-10-09,2024-10-18,6
PO000315,SKU_0079,88,2024-10-10,2024-10-19,11
PO000316,SKU_0162,334,2024-10-11,2024-10-20,12
PO000317,SKU_0046,871,2024-10-12,2024-10-21,10
PO000318,SKU_0196,651,2024-10-13,2024-10-22,18
PO000319,SKU_0078,646,2024-10-14,2024-10-23,7
PO000320,SKU_0016,834,2024-10-15,2024-10-24,7
PO000321,SKU_0071,385,2024-10-16,2024-10-25,11
PO000322,SKU_0096,237,2024-10-17,2024-10-26,4
PO000323,SKU_0147,720,2024-10-18,2024-10-27,20
PO000324,SKU_0002,292,2024-10-19,2024-10-28,1
PO000325,SKU_0010,122,2024-10-20,2024-10-29,13
PO000326,SKU_0178,528,2024-10-21,2024-10-30,18
PO000327,SKU_0125,610,2024-10-22,2024-10-31,9
PO000328,SKU_0081,150,2024-10-23,2024-11-01,9
PO000329,SKU_0140,563,2024-10-24,2024-11-02,9
PO000330,SKU_0070,805,2024-10-25,2024-11-03,10
PO000331,SKU_0150,225,2024-10-26,2024-11-04,2
PO000332,SKU_0032,287,2024-10-27,2024-11-05,6
PO000333,SKU_0105,959,2024-10-28,2024-11-06,15
PO000334,SKU_0084,108,2024-10-29,2024-11-07,3
PO000335,SKU_0129,914,2024-10-30,2024-11-08,11
PO000336,SKU_0182,148,2024-10-31,2024-11-09,6
PO000337,SKU_0058,920,2024-11-01,2024-11-10,3
PO000338,SKU_0198,544,2024-11-02,2024-11-11,11
PO000339,SKU_0146,996,2024-11-03,2024-11-12,15
PO000340,SKU_0134,563,2024-11-04,2024-11-13,13
PO000341,SKU_0045,804,2024-11-05,2024-11-14,20
PO000342,SKU_0097,346,2024-11-06,2024-11-15,10
PO000343,SKU_0023,260,2024-11-07,2024-11-16,6
PO000344,SKU_0023,172,2024-11-08,2024-11-17,15
PO000345,SKU_0154,278,2024-11-09,2024-11-18,18
PO000346,SKU_0135,643,2024-11-10,2024-11-19,18
PO000347,SKU_0079,705,2024-11-11,2024-11-20,7
PO000348,SKU_0044,437,2024-11-12,2024-11-21,15
PO000349,SKU_0027,189,2024-11-13,2024-11-22,18
PO000350,SKU_0026,590,2024-11-14,2024-11-23,18
PO000351,SKU_0097,440,2024-11-15,2024-11-24,20
PO000352,SKU_0036,319,2024-11-16,2024-11-25,9
PO000353,SKU_0109,808,2024-11-17,2024-11-26,2
PO000354,SKU_0055,61,2024-11-18,2024-11-27,8
PO000355,SKU_0192,916,2024-11-19,2024-11-28,20
PO000356,SKU_0185,438,2024-11-20,2024-11-29,2
PO000357,SKU_0069,386,2024-11-21,2024-11-30,11
PO000358,SKU_0061,555,2024-11-22,2024-12-01,7
PO000359,SKU_0130,155,2024-11-23,2024-12-02,6
PO000360,SKU_0055,81,2024-11-24,2024-12-03,10
PO000361,SKU_0122,123,2024-11-25,2024-12-04,5
PO000362,SKU_0097,220,2024-11-26,2024-12-05,11
PO000363,SKU_0080,898,2024-11-27,2024-12-06,1
PO000364,SKU_0087,118,2024-11-28,2024-12-07,2
PO000365,SKU_0038,862,2024-11-29,2024-12-08,1
PO000366,SKU_0119,411,2024-11-30,2024-12-09,19
PO000367,SKU_0078,698,2024-12-01,2024-12-10,2
PO000368,SKU_0157,482,2024-12-02,2024-12-11,20
PO000369,SKU_0154,978,2024-12-03,2024-12-12,4
PO000370,SKU_0035,149,2024-12-04,2024-12-13,12
PO000371,SKU_0079,707,2024-12-05,2024-12-14,20
PO000372,SKU_0067,58,2024-12-06,2024-12-15,18
PO000373,SKU_0087,623,2024-12-07,2024-12-16,1
PO000374,SKU_0157,746,2024-12-08,2024-12-17,1
PO000375,SKU_0034,78,2024-12-09,2024-12-18,14
PO000376,SKU_0097,942,2024-12-10,2024-12-19,4
PO000377,SKU_0169,163,2024-12-11,2024-12-20,5
PO000378,SKU_0169,511,2024-12-12,2024-12-21,11
PO000379,SKU_0151,970,2024-12-13,2024-12-22,13
PO000380,SKU_0071,192,2024-12-14,2024-12-23,16
PO000381,SKU_0003,439,2024-12-15,2024-12-24,13
PO000382,SKU_0058,681,2024-12-16,2024-12-25,2
PO000383,SKU_0032,731,2024-12-17,2024-12-26,16
PO000384,SKU_0031,206,2024-12-18,2024-12-27,6
PO000385,SKU_0082,384,2024-12-19,2024-12-28,14
PO000386,SKU_0043,910,2024-12-20,2024-12-29,1
PO000387,SKU_0135,309,2024-12-21,2024-12-30,17
PO000388,SKU_0105,131,2024-12-22,2024-12-31,11
PO000389,SKU_0001,803,2024-12-23,2025-01-01,19
PO000390,SKU_0061,490,2024-12-24,2025-01-02,3
PO000391,SKU_0014,994,2024-12-25,2025-01-03,11
PO000392,SKU_0180,221,2024-12-26,2025-01-04,5
PO000393,SKU_0006,280,2024-12-27,2025-01-05,17
PO000394,SKU_0103,769,2024-12-28,2025-01-06,7
PO000395,SKU_0010,124,2024-12-29,2025-01-07,10
PO000396,SKU_0071,319,2024-12-30,2025-01-08,11
PO000397,SKU_0090,948,2024-12-31,2025-01-09,3
PO000398,SKU_0158,675,2025-01-01,2025-01-10,20
PO000399,SKU_0149,111,2025-01-02,2025-01-11,10
PO000400,SKU_0126,923,2025-01-03,2025-01-12,10
PO000401,SKU_0188,369,2025-01-04,2025-01-13,14
PO000402,SKU_0097,151,2025-01-05,2025-01-14,12
PO000403,SKU_0074,478,2025-01-06,2025-01-15,15
PO000404,SKU_0115,923,2025-01-07,2025-01-16,10
PO000405,SKU_0191,771,2025-01-08,2025-01-17,10
PO000406,SKU_0170,304,2025-01-09,2025-01-18,19
PO000407,SKU_0051,581,2025-01-10,2025-01-19,1
PO000408,SKU_0192,619,2025-01-11,2025-01-20,10
PO000409,SKU_0056,161,2025-01-12,2025-01-21,2
PO000410,SKU_0041,362,2025-01-13,2025-01-22,17
PO000411,SKU_0032,510,2025-01-14,2025-01-23,7
PO000412,SKU_0015,757,2025-01-15,2025-01-24,7
PO000413,SKU_0062,936,2025-01-16,2025-01-25,20
PO000414,SKU_0155,511,2025-01-17,2025-01-26,9
PO000415,SKU_0028,914,2025-01-18,2025-01-27,2
PO000416,SKU_0064,141,2025-01-19,2025-01-28,14
PO000417,SKU_0187,101,2025-01-20,2025-01-29,17
PO000418,SKU_0186,854,2025-01-21,2025-01-30,1
PO000419,SKU_0130,569,2025-01-22,2025-01-31,9
PO000420,SKU_0127,861,2025-01-23,2025-02-01,20
PO000421,SKU_0036,147,2025-01-24,2025-02-02,19
PO000422,SKU_0114,285,2025-01-25,2025-02-03,4
PO000423,SKU_0199,950,2025-01-26,2025-02-04,8
PO000424,SKU_0013,423,2025-01-27,2025-02-05,13
PO000425,SKU_0015,630,2025-01-28,2025-02-06,4
PO000426,SKU_0089,976,2025-01-29,2025-02-07,9
PO000427,SKU_0188,606,2025-01-30,2025-02-08,9
PO000428,SKU_0022,698,2025-01-31,2025-02-09,18
PO000429,SKU_0191,283,2025-02-01,2025-02-10,12
PO000430,SKU_0074,81,2025-02-02,2025-02-11,10
PO000431,SKU_0025,338,2025-02-03,2025-02-12,11
PO000432,SKU_0101,687,2025-02-04,2025-02-13,7
PO000433,SKU_0176,628,2025-02-05,2025-02-14,9
PO000434,SKU_0171,591,2025-02-06,2025-02-15,6
PO000435,SKU_0117,163,2025-02-07,2025-02-16,19
PO000436,SKU_0166,253,2025-02-08,2025-02-17,16
PO000437,SKU_0041,78,2025-02-09,2025-02-18,15
PO000438,SKU_0173,692,2025-02-10,2025-02-19,7
PO000439,SKU_0088,523,2025-02-11,2025-02-20,16
PO000440,SKU_0168,746,2025-02-12,2025-02-21,5
PO000441,SKU_0110,302,2025-02-13,2025-02-22,16
PO000442,SKU_0120,847,2025-02-14,2025-02-23,1
PO000443,SKU_0097,954,2025-02-15,2025-02-24,19
PO000444,SKU_0145,971,2025-02-16,2025-02-25,5
PO000445,SKU_0057,435,2025-02-17,2025-02-26,7
PO000446,SKU_0130,111,2025-02-18,2025-02-27,19
PO000447,SKU_0096,564,2025-02-19,2025-02-28,5
PO000448,SKU_0121,479,2025-02-20,2025-03-01,17
PO000449,SKU_0062,629,2025-02-21,2025-03-02,8
PO000450,SKU_0137,586,2025-02-22,2025-03-03,1
PO000451,SKU_0068,740,2025-02-23,2025-03-04,2
PO000452,SKU_0081,190,2025-02-24,2025-03-05,15
PO000453,SKU_0017,792,2025-02-25,2025-03-06,20
PO000454,SKU_0117,349,2025-02-26,2025-03-07,18
PO000455,SKU_0050,724,2025-02-27,2025-03-08,11
PO000456,SKU_0112,360,2025-02-28,2025-03-09,10
PO000457,SKU_0094,520,2025-03-01,2025-03-10,4
PO000458,SKU_0168,442,2025-03-02,2025-03-11,5
PO000459,SKU_0186,691,2025-03-03,2025-03-12,4
PO000460,SKU_0085,494,2025-03-04,2025-03-13,13
PO000461,SKU_0149,807,2025-03-05,2025-03-14,13
PO000462,SKU_0146,858,2025-03-06,2025-03-15,18
PO000463,SKU_0183,221,2025-03-07,2025-03-16,2
PO000464,SKU_0157,625,2025-03-08,2025-03-17,16
PO000465,SKU_0152,80,2025-03-09,2025-03-18,1
PO000466,SKU_0074,96,2025-03-10,2025-03-19,19
PO000467,SKU_0109,179,2025-03-11,2025-03-20,9
PO000468,SKU_0145,401,2025-03-12,2025-03-21,3
PO000469,SKU_0018,894,2025-03-13,2025-03-22,7
PO000470,SKU_0042,671,2025-03-14,2025-03-23,10
PO000471,SKU_0101,630,2025-03-15,2025-03-24,1
PO000472,SKU_0045,107,2025-03-16,2025-03-25,10
PO000473,SKU_0082,155,2025-03-17,2025-03-26,9
PO000474,SKU_0017,861,2025-03-18,2025-03-27,15
PO000475,SKU_0073,379,2025-03-19,2025-03-28,15
PO000476,SKU_0014,817,2025-03-20,2025-03-29,3
PO000477,SKU_0177,873,2025-03-21,2025-03-30,5
PO000478,SKU_0157,732,2025-03-22,2025-03-31,9
PO000479,SKU_0132,432,2025-03-23,2025-04-01,9
PO000480,SKU_0082,211,2025-03-24,2025-04-02,7
PO000481,SKU_0148,335,2025-03-25,2025-04-03,12
PO000482,SKU_0120,120,2025-03-26,2025-04-04,9
PO000483,SKU_0120,816,2025-03-27,2025-04-05,6
PO000484,SKU_0047,503,2025-03-28,2025-04-06,2
PO000485,SKU_0107,935,2025-03-29,2025-04-07,9
PO000486,SKU_0108,616,2025-03-30,2025-04-08,17
PO000487,SKU_0009,884,2025-03-31,2025-04-09,1
PO000488,SKU_0079,446,2025-04-01,2025-04-10,19
PO000489,SKU_0155,564,2025-04-02,2025-04-11,6
PO000490,SKU_0015,75,2025-04-03,2025-04-12,5
PO000491,SKU_0019,362,2025-04-04,2025-04-13,2
PO000492,SKU_0090,175,2025-04-05,2025-04-14,9
PO000493,SKU_0180,457,2025-04-06,2025-04-15,14
PO000494,SKU_0026,614,2025-04-07,2025-04-16,4
PO000495,SKU_0154,247,2025-04-08,2025-04-17,4
PO000496,SKU_0154,860,2025-04-09,2025-04-18,15
PO000497,SKU_0174,237,2025-04-10,2025-04-19,8
PO000498,SKU_0092,747,2025-04-11,2025-04-20,4
PO000499,SKU_0177,866,2025-04-12,2025-04-21,16
PO000500,SKU_0082,859,2025-04-13,2025-04-22,4
PO000501,SKU_0181,765,2025-04-14,2025-04-23,16
PO000502,SKU_0131,533,2025-04-15,2025-04-24,12
PO000503,SKU_0194,499,2025-04-16,2025-04-25,16
PO000504,SKU_0042,572,2025-04-17,2025-04-26,19
PO000505,SKU_0019,920,2025-04-18,2025-04-27,8
PO000506,SKU_0017,403,2025-04-19,2025-04-28,6
PO000507,SKU_0161,707,2025-04-20,2025-04-29,10
PO000508,SKU_0076,646,2025-04-21,2025-04-30,5
PO000509,SKU_0177,149,2025-04-22,2025-05-01,18
PO000510,SKU_0184,665,2025-04-23,2025-05-02,10
PO000511,SKU_0063,997,2025-04-24,2025-05-03,10
PO000512,SKU_0131,607,2025-04-25,2025-05-04,7
PO000513,SKU_0107,605,2025-04-26,2025-05-05,18
PO000514,SKU_0049,327,2025-04-27,2025-05-06,1
PO000515,SKU_0055,742,2025-04-28,2025-05-07,7
PO000516,SKU_0154,748,2025-04-29,2025-05-08,1
PO000517,SKU_0099,675,2025-04-30,2025-05-09,15
PO000518,SKU_0200,540,2025-05-01,2025-05-10,4
PO000519,SKU_0052,304,2025-05-02,2025-05-11,20
PO000520,SKU_0100,430,2025-05-03,2025-05-12,10
PO000521,SKU_0117,941,2025-05-04,2025-05-13,9
PO000522,SKU_0118,591,2025-05-05,2025-05-14,2
PO000523,SKU_0007,313,2025-05-06,2025-05-15,14
PO000524,SKU_0046,659,2025-05-07,2025-05-16,16
PO000525,SKU_0046,874,2025-05-08,2025-05-17,1
PO000526,SKU_0100,928,2025-05-09,2025-05-18,2
PO000527,SKU_0144,378,2025-05-10,2025-05-19,7
PO000528,SKU_0152,164,2025-05-11,2025-05-20,10
PO000529,SKU_0189,325,2025-05-12,2025-05-21,20
PO000530,SKU_0054,537,2025-05-13,2025-05-22,1
PO000531,SKU_0062,330,2025-05-14,2025-05-23,13
PO000532,SKU_0129,324,2025-05-15,2025-05-24,1
PO000533,SKU_0049,822,2025-05-16,2025-05-25,5
PO000534,SKU_0025,892,2025-05-17,2025-05-26,16
PO000535,SKU_0010,768,2025-05-18,2025-05-27,15
PO000536,SKU_0118,945,2025-05-19,2025-05-28,17
PO000537,SKU_0144,377,2025-05-20,2025-05-29,16
PO000538,SKU_0186,260,2025-05-21,2025-05-30,13
PO000539,SKU_0200,776,2025-05-22,2025-05-31,11
PO000540,SKU_0157,972,2025-05-23,2025-06-01,17
PO000541,SKU_0092,601,2025-05-24,2025-06-02,17
PO000542,SKU_0134,75,2025-05-25,2025-06-03,2
PO000543,SKU_0144,76,2025-05-26,2025-06-04,13
PO000544,SKU_0148,751,2025-05-27,2025-06-05,14
PO000545,SKU_0080,132,2025-05-28,2025-06-06,11
PO000546,SKU_0071,945,2025-05-29,2025-06-07,10
PO000547,SKU_0078,995,2025-05-30,2025-06-08,3
PO000548,SKU_0043,731,2025-05-31,2025-06-09,17
PO000549,SKU_0154,462,2025-06-01,2025-06-10,15
PO000550,SKU_0090,216,2025-06-02,2025-06-11,9
PO000551,SKU_0078,749,2025-06-03,2025-06-12,10
PO000552,SKU_0199,218,2025-06-04,2025-06-13,8
PO000553,SKU_0161,850,2025-06-05,2025-06-14,13
PO000554,SKU_0026,278,2025-06-06,2025-06-15,18
PO000555,SKU_0121,658,2025-06-07,2025-06-16,5
PO000556,SKU_0045,416,2025-06-08,2025-06-17,6
PO000557,SKU_0063,577,2025-06-09,2025-06-18,17
PO000558,SKU_0195,840,2025-06-10,2025-06-19,11
PO000559,SKU_0180,696,2025-06-11,2025-06-20,20
PO000560,SKU_0068,587,2025-06-12,2025-06-21,16
PO000561,SKU_0154,913,2025-06-13,2025-06-22,9
PO000562,SKU_0002,573,2025-06-14,2025-06-23,2
PO000563,SKU_0142,121,2025-06-15,2025-06-24,5
PO000564,SKU_0108,694,2025-06-16,2025-06-25,1
PO000565,SKU_0030,155,2025-06-17,2025-06-26,4
PO000566,SKU_0049,781,2025-06-18,2025-06-27,4
PO000567,SKU_0140,934,2025-06-19,2025-06-28,3
PO000568,SKU_0044,738,2025-06-20,2025-06-29,9
PO000569,SKU_0161,331,2025-06-21,2025-06-30,12
PO000570,SKU_0013,182,2025-06-22,2025-07-01,10
PO000571,SKU_0078,583,2025-06-23,2025-07-02,2
PO000572,SKU_0126,318,2025-06-24,2025-07-03,11
PO000573,SKU_0098,461,2025-06-25,2025-07-04,10
PO000574,SKU_0026,722,2025-06-26,2025-07-05,6
PO000575,SKU_0149,668,2025-06-27,2025-07-06,18
PO000576,SKU_0156,840,2025-06-28,2025-07-07,2
PO000577,SKU_0048,914,2025-06-29,2025-07-08,2
PO000578,SKU_0168,796,2025-06-30,2025-07-09,10
PO000579,SKU_0066,67,2025-07-01,2025-07-10,16
PO000580,SKU_0087,803,2025-07-02,2025-07-11,12
PO000581,SKU_0079,166,2025-07-03,2025-07-12,1
PO000582,SKU_0023,847,2025-07-04,2025-07-13,8
PO000583,SKU_0081,843,2025-07-05,2025-07-14,16
PO000584,SKU_0048,193,2025-07-06,2025-07-15,18
PO000585,SKU_0124,766,2025-07-07,2025-07-16,13
PO000586,SKU_0130,600,2025-07-08,2025-07-17,15
PO000587,SKU_0084,978,2025-07-09,2025-07-18,12
PO000588,SKU_0020,715,2025-07-10,2025-07-19,8
PO000589,SKU_0187,737,2025-07-11,2025-07-20,10
PO000590,SKU_0046,802,2025-07-12,2025-07-21,14
PO000591,SKU_0131,471,2025-07-13,2025-07-22,5
PO000592,SKU_0183,947,2025-07-14,2025-07-23,18
PO000593,SKU_0012,418,2025-07-15,2025-07-24,19
PO000594,SKU_0040,695,2025-07-16,2025-07-25,15
PO000595,SKU_0066,607,2025-07-17,2025-07-26,6
PO000596,SKU_0100,99,2025-07-18,2025-07-27,11
PO000597,SKU_0078,727,2025-07-19,2025-07-28,11
PO000598,SKU_0016,155,2025-07-20,2025-07-29,20
PO000599,SKU_0083,265,2025-07-21,2025-07-30,20
PO000600,SKU_0162,707,2025-07-22,2025-07-31,18
PO000601,SKU_0044,972,2025-07-23,2025-08-01,18
PO000602,SKU_0134,474,2025-07-24,2025-08-02,10
PO000603,SKU_0192,121,2025-07-25,2025-08-03,2
PO000604,SKU_0100,891,2025-07-26,2025-08-04,9
PO000605,SKU_0022,834,2025-07-27,2025-08-05,14
PO000606,SKU_0018,808,2025-07-28,2025-08-06,19
PO000607,SKU_0012,495,2025-07-29,2025-08-07,10
PO000608,SKU_0180,974,2025-07-30,2025-08-08,4
PO000609,SKU_0123,235,2025-07-31,2025-08-09,6
PO000610,SKU_0117,119,2025-08-01,2025-08-10,14
PO000611,SKU_0051,199,2025-08-02,2025-08-11,4
PO000612,SKU_0071,295,2025-08-03,2025-08-12,15
PO000613,SKU_0048,823,2025-08-04,2025-08-13,16
PO000614,SKU_0019,587,2025-08-05,2025-08-14,7
PO000615,SKU_0006,984,2025-08-06,2025-08-15,17
PO000616,SKU_0084,701,2025-08-07,2025-08-16,19
PO000617,SKU_0155,148,2025-08-08,2025-08-17,19
PO000618,SKU_0053,959,2025-08-09,2025-08-18,17
PO000619,SKU_0107,327,2025-08-10,2025-08-19,6
PO000620,SKU_0101,612,2025-08-11,2025-08-20,11
PO000621,SKU_0048,712,2025-08-12,2025-08-21,16
PO000622,SKU_0135,993,2025-08-13,2025-08-22,8
PO000623,SKU_0187,504,2025-08-14,2025-08-23,11
PO000624,SKU_0069,153,2025-08-15,2025-08-24,7
PO000625,SKU_0011,995,2025-08-16,2025-08-25,19
PO000626,SKU_0143,650,2025-08-17,2025-08-26,10
PO000627,SKU_0192,702,2025-08-18,2025-08-27,9
PO000628,SKU_0131,774,2025-08-19,2025-08-28,4
PO000629,SKU_0122,282,2025-08-20,2025-08-29,15
PO000630,SKU_0069,443,2025-08-21,2025-08-30,13
PO000631,SKU_0023,550,2025-08-22,2025-08-31,2
PO000632,SKU_0181,744,2025-08-23,2025-09-01,2
PO000633,SKU_0037,300,2025-08-24,2025-09-02,16
PO000634,SKU_0009,570,2025-08-25,2025-09-03,9
PO000635,SKU_0015,128,2025-08-26,2025-09-04,13
PO000636,SKU_0131,101,2025-08-27,2025-09-05,3
PO000637,SKU_0093,947,2025-08-28,2025-09-06,9
PO000638,SKU_0198,970,2025-08-29,2025-09-07,13
PO000639,SKU_0017,830,2025-08-30,2025-09-08,2
PO000640,SKU_0154,275,2025-08-31,2025-09-09,8
PO000641,SKU_0149,100,2025-09-01,2025-09-10,9
PO000642,SKU_0072,235,2025-09-02,2025-09-11,16
PO000643,SKU_0149,83,2025-09-03,2025-09-12,2
PO000644,SKU_0121,852,2025-09-04,2025-09-13,6
PO000645,SKU_0011,791,2025-09-05,2025-09-14,8
PO000646,SKU_0166,180,2025-09-06,2025-09-15,5
PO000647,SKU_0072,681,2025-09-07,2025-09-16,9
PO000648,SKU_0106,492,2025-09-08,2025-09-17,1
PO000649,SKU_0125,887,2025-09-09,2025-09-18,9
PO000650,SKU_0035,808,2025-09-10,2025-09-19,10
PO000651,SKU_0119,481,2025-09-11,2025-09-20,4
PO000652,SKU_0014,753,2025-09-12,2025-09-21,3
PO000653,SKU_0014,546,2025-09-13,2025-09-22,10
PO000654,SKU_0010,452,2025-09-14,2025-09-23,15
PO000655,SKU_0140,372,2025-09-15,2025-09-24,11
PO000656,SKU_0038,259,2025-09-16,2025-09-25,14
PO000657,SKU_0108,664,2025-09-17,2025-09-26,6
PO000658,SKU_0119,378,2025-09-18,2025-09-27,12
PO000659,SKU_0034,421,2025-09-19,2025-09-28,13
PO000660,SKU_0169,509,2025-09-20,2025-09-29,17
PO000661,SKU_0010,182,2025-09-21,2025-09-30,16
PO000662,SKU_0122,884,2025-09-22,2025-10-01,3
PO000663,SKU_0145,700,2025-09-23,2025-10-02,2
PO000664,SKU_0145,170,2025-09-24,2025-10-03,11
PO000665,SKU_0195,655,2025-09-25,2025-10-04,9
PO000666,SKU_0190,501,2025-09-26,2025-10-05,3
PO000667,SKU_0115,178,2025-09-27,2025-10-06,18
PO000668,SKU_0001,140,2025-09-28,2025-10-07,20
PO000669,SKU_0012,653,2025-09-29,2025-10-08,15
PO000670,SKU_0103,624,2025-09-30,2025-10-09,14
PO000671,SKU_0004,78,2025-10-01,2025-10-10,2
PO000672,SKU_0170,771,2025-10-02,2025-10-11,17
PO000673,SKU_0141,573,2025-10-03,2025-10-12,8
PO000674,SKU_0098,382,2025-10-04,2025-10-13,10
PO000675,SKU_0106,346,2025-10-05,2025-10-14,18
PO000676,SKU_0085,179,2025-10-06,2025-10-15,19
PO000677,SKU_0121,342,2025-10-07,2025-10-16,8
PO000678,SKU_0132,222,2025-10-08,2025-10-17,8
PO000679,SKU_0082,769,2025-10-09,2025-10-18,3
PO000680,SKU_0197,993,2025-10-10,2025-10-19,3
PO000681,SKU_0019,73,2025-10-11,2025-10-20,12
PO000682,SKU_0130,148,2025-10-12,2025-10-21,17
PO000683,SKU_0012,455,2025-10-13,2025-10-22,4
PO000684,SKU_0081,405,2025-10-14,2025-10-23,17
PO000685,SKU_0074,188,2025-10-15,2025-10-24,14
PO000686,SKU_0098,552,2025-10-16,2025-10-25,19
PO000687,SKU_0006,875,2025-10-17,2025-10-26,9
PO000688,SKU_0136,223,2025-10-18,2025-10-27,12
PO000689,SKU_0125,78,2025-10-19,2025-10-28,5
PO000690,SKU_0051,980,2025-10-20,2025-10-29,11
PO000691,SKU_0011,545,2025-10-21,2025-10-30,20
PO000692,SKU_0191,704,2025-10-22,2025-10-31,3
PO000693,SKU_0185,877,2025-10-23,2025-11-01,15
PO000694,SKU_0127,400,2025-10-24,2025-11-02,14
PO000695,SKU_0140,603,2025-10-25,2025-11-03,11
PO000696,SKU_0073,348,2025-10-26,2025-11-04,20
PO000697,SKU_0002,769,2025-10-27,2025-11-05,8
PO000698,SKU_0008,891,2025-10-28,2025-11-06,4
PO000699,SKU_0139,994,2025-10-29,2025-11-07,12
PO000700,SKU_0124,241,2025-10-30,2025-11-08,8
PO000701,SKU_0053,721,2025-10-31,2025-11-09,6
PO000702,SKU_0010,113,2025-11-01,2025-11-10,15
PO000703,SKU_0112,804,2025-11-02,2025-11-11,12
PO000704,SKU_0008,819,2025-11-03,2025-11-12,16
PO000705,SKU_0036,713,2025-11-04,2025-11-13,16
PO000706,SKU_0106,264,2025-11-05,2025-11-14,20
PO000707,SKU_0014,883,2025-11-06,2025-11-15,20
PO000708,SKU_0182,215,2025-11-07,2025-11-16,4
PO000709,SKU_0086,592,2025-11-08,2025-11-17,11
PO000710,SKU_0149,932,2025-11-09,2025-11-18,13
PO000711,SKU_0050,281,2025-11-10,2025-11-19,9
PO000712,SKU_0167,843,2025-11-11,2025-11-20,4
PO000713,SKU_0020,590,2025-11-12,2025-11-21,12
PO000714,SKU_0087,244,2025-11-13,2025-11-22,9
PO000715,SKU_0135,555,2025-11-14,2025-11-23,13
PO000716,SKU_0137,383,2025-11-15,2025-11-24,16
PO000717,SKU_0129,817,2025-11-16,2025-11-25,6
PO000718,SKU_0154,842,2025-11-17,2025-11-26,10
PO000719,SKU_0166,353,2025-11-18,2025-11-27,13
PO000720,SKU_0038,882,2025-11-19,2025-11-28,7
PO000721,SKU_0189,486,2025-11-20,2025-11-29,19
PO000722,SKU_0044,372,2025-11-21,2025-11-30,19
PO000723,SKU_0086,551,2025-11-22,2025-12-01,17
PO000724,SKU_0044,907,2025-11-23,2025-12-02,13
PO000725,SKU_0074,963,2025-11-24,2025-12-03,13
PO000726,SKU_0119,442,2025-11-25,2025-12-04,2
PO000727,SKU_0190,855,2025-11-26,2025-12-05,10
PO000728,SKU_0122,648,2025-11-27,2025-12-06,13
PO000729,SKU_0134,198,2025-11-28,2025-12-07,9
PO000730,SKU_0145,810,2025-11-29,2025-12-08,1
PO000731,SKU_0051,882,2025-11-30,2025-12-09,14
PO000732,SKU_0038,454,2025-12-01,2025-12-10,16
PO000733,SKU_0152,332,2025-12-02,2025-12-11,20
PO000734,SKU_0051,411,2025-12-03,2025-12-12,15
PO000735,SKU_0010,428,2025-12-04,2025-12-13,1
PO000736,SKU_0120,247,2025-12-05,2025-12-14,17
PO000737,SKU_0200,605,2025-12-06,2025-12-15,13
PO000738,SKU_0149,405,2025-12-07,2025-12-16,15
PO000739,SKU_0070,589,2025-12-08,2025-12-17,16
PO000740,SKU_0085,478,2025-12-09,2025-12-18,16
PO000741,SKU_0057,66,2025-12-10,2025-12-19,2
PO000742,SKU_0126,688,2025-12-11,2025-12-20,17
PO000743,SKU_0039,428,2025-12-12,2025-12-21,11
PO000744,SKU_0033,729,2025-12-13,2025-12-22,8
PO000745,SKU_0187,555,2025-12-14,2025-12-23,20
PO000746,SKU_0018,805,2025-12-15,2025-12-24,3
PO000747,SKU_0184,948,2025-12-16,2025-12-25,12
PO000748,SKU_0057,125,2025-12-17,2025-12-26,20
PO000749,SKU_0096,280,2025-12-18,2025-12-27,16
PO000750,SKU_0048,765,2025-12-19,2025-12-28,14
PO000751,SKU_0042,297,2025-12-20,2025-12-29,16
PO000752,SKU_0027,351,2025-12-21,2025-12-30,17
PO000753,SKU_0074,775,2025-12-22,2025-12-31,11
PO000754,SKU_0110,264,2025-12-23,2026-01-01,17
PO000755,SKU_0180,207,2025-12-24,2026-01-02,19
PO000756,SKU_0170,118,2025-12-25,2026-01-03,1
PO000757,SKU_0032,442,2025-12-26,2026-01-04,12
PO000758,SKU_0026,134,2025-12-27,2026-01-05,15
PO000759,SKU_0025,316,2025-12-28,2026-01-06,18
PO000760,SKU_0075,118,2025-12-29,2026-01-07,14
PO000761,SKU_0023,660,2025-12-30,2026-01-08,1
PO000762,SKU_0057,396,2025-12-31,2026-01-09,13
PO000763,SKU_0180,777,2026-01-01,2026-01-10,15
PO000764,SKU_0126,976,2026-01-02,2026-01-11,7
PO000765,SKU_0087,722,2026-01-03,2026-01-12,15
PO000766,SKU_0031,472,2026-01-04,2026-01-13,20
PO000767,SKU_0064,655,2026-01-05,2026-01-14,10
PO000768,SKU_0199,223,2026-01-06,2026-01-15,14
PO000769,SKU_0033,726,2026-01-07,2026-01-16,6
PO000770,SKU_0002,164,2026-01-08,2026-01-17,14
PO000771,SKU_0018,269,2026-01-09,2026-01-18,12
PO000772,SKU_0175,80,2026-01-10,2026-01-19,11
PO000773,SKU_0161,572,2026-01-11,2026-01-20,20
PO000774,SKU_0084,392,2026-01-12,2026-01-21,19
PO000775,SKU_0035,426,2026-01-13,2026-01-22,2
PO000776,SKU_0179,179,2026-01-14,2026-01-23,20
PO000777,SKU_0114,666,2026-01-15,2026-01-24,1
PO000778,SKU_0146,588,2026-01-16,2026-01-25,8
PO000779,SKU_0110,788,2026-01-17,2026-01-26,14
PO000780,SKU_0088,51,2026-01-18,2026-01-27,9
PO000781,SKU_0072,920,2026-01-19,2026-01-28,2
PO000782,SKU_0125,150,2026-01-20,2026-01-29,5
PO000783,SKU_0030,582,2026-01-21,2026-01-30,8
PO000784,SKU_0172,107,2026-01-22,2026-01-31,16
PO000785,SKU_0053,438,2026-01-23,2026-02-01,16
PO000786,SKU_0138,741,2026-01-24,2026-02-02,13
PO000787,SKU_0087,990,2026-01-25,2026-02-03,20
PO000788,SKU_0180,390,2026-01-26,2026-02-04,15
PO000789,SKU_0177,910,2026-01-27,2026-02-05,1
PO000790,SKU_0139,69,2026-01-28,2026-02-06,3
PO000791,SKU_0194,304,2026-01-29,2026-02-07,6
PO000792,SKU_0186,366,2026-01-30,2026-02-08,14
PO000793,SKU_0164,87,2026-01-31,2026-02-09,4
PO000794,SKU_0161,709,2026-02-01,2026-02-10,18
PO000795,SKU_0175,586,2026-02-02,2026-02-11,15
PO000796,SKU_0013,435,2026-02-03,2026-02-12,9
PO000797,SKU_0040,682,2026-02-04,2026-02-13,18
PO000798,SKU_0089,977,2026-02-05,2026-02-14,3
PO000799,SKU_0068,75,2026-02-06,2026-02-15,10
PO000800,SKU_0042,503,2026-02-07,2026-02-16,17
PO000801,SKU_0147,730,2026-02-08,2026-02-17,7
PO000802,SKU_0094,372,2026-02-09,2026-02-18,15
PO000803,SKU_0019,786,2026-02-10,2026-02-19,1
PO000804,SKU_0186,562,2026-02-11,2026-02-20,11
PO000805,SKU_0023,868,2026-02-12,2026-02-21,17
PO000806,SKU_0054,822,2026-02-13,2026-02-22,5
PO000807,SKU_0065,62,2026-02-14,2026-02-23,7
PO000808,SKU_0140,964,2026-02-15,2026-02-24,19
PO000809,SKU_0024,957,2026-02-16,2026-02-25,15
PO000810,SKU_0034,609,2026-02-17,2026-02-26,3
PO000811,SKU_0053,970,2026-02-18,2026-02-27,15
PO000812,SKU_0136,874,2026-02-19,2026-02-28,5
PO000813,SKU_0018,420,2026-02-20,2026-03-01,12
PO000814,SKU_0057,340,2026-02-21,2026-03-02,20
PO000815,SKU_0112,381,2026-02-22,2026-03-03,5
PO000816,SKU_0005,655,2026-02-23,2026-03-04,3
PO000817,SKU_0154,310,2026-02-24,2026-03-05,9
PO000818,SKU_0158,839,2026-02-25,2026-03-06,9
PO000819,SKU_0182,920,2026-02-26,2026-03-07,7
PO000820,SKU_0013,254,2026-02-27,2026-03-08,2
PO000821,SKU_0083,746,2026-02-28,2026-03-09,16
PO000822,SKU_0029,736,2026-03-01,2026-03-10,9
PO000823,SKU_0003,999,2026-03-02,2026-03-11,13
PO000824,SKU_0090,436,2026-03-03,2026-03-12,19
PO000825,SKU_0104,941,2026-03-04,2026-03-13,20
PO000826,SKU_0123,870,2026-03-05,2026-03-14,17
PO000827,SKU_0186,517,2026-03-06,2026-03-15,6
PO000828,SKU_0076,464,2026-03-07,2026-03-16,4
PO000829,SKU_0130,118,2026-03-08,2026-03-17,1
PO000830,SKU_0108,521,2026-03-09,2026-03-18,18
PO000831,SKU_0156,153,2026-03-10,2026-03-19,19
PO000832,SKU_0082,807,2026-03-11,2026-03-20,9
PO000833,SKU_0077,210,2026-03-12,2026-03-21,13
PO000834,SKU_0002,249,2026-03-13,2026-03-22,8
PO000835,SKU_0127,265,2026-03-14,2026-03-23,13
PO000836,SKU_0135,995,2026-03-15,2026-03-24,15
PO000837,SKU_0026,261,2026-03-16,2026-03-25,11
PO000838,SKU_0088,557,2026-03-17,2026-03-26,12
PO000839,SKU_0016,65,2026-03-18,2026-03-27,14
PO000840,SKU_0151,547,2026-03-19,2026-03-28,4
PO000841,SKU_0168,933,2026-03-20,2026-03-29,1
PO000842,SKU_0188,381,2026-03-21,2026-03-30,4
PO000843,SKU_0073,766,2026-03-22,2026-03-31,19
PO000844,SKU_0032,926,2026-03-23,2026-04-01,9
PO000845,SKU_0015,600,2026-03-24,2026-04-02,10
PO000846,SKU_0141,650,2026-03-25,2026-04-03,4
PO000847,SKU_0005,991,2026-03-26,2026-04-04,20
PO000848,SKU_0074,305,2026-03-27,2026-04-05,9
PO000849,SKU_0052,815,2026-03-28,2026-04-06,13
PO000850,SKU_0077,777,2026-03-29,2026-04-07,12
PO000851,SKU_0169,929,2026-03-30,2026-04-08,11
PO000852,SKU_0181,864,2026-03-31,2026-04-09,12
PO000853,SKU_0110,221,2026-04-01,2026-04-10,18
PO000854,SKU_0178,698,2026-04-02,2026-04-11,12
PO000855,SKU_0143,547,2026-04-03,2026-04-12,16
PO000856,SKU_0106,520,2026-04-04,2026-04-13,5
PO000857,SKU_0127,433,2026-04-05,2026-04-14,20
PO000858,SKU_0007,739,2026-04-06,2026-04-15,12
PO000859,SKU_0040,638,2026-04-07,2026-04-16,11
PO000860,SKU_0156,749,2026-04-08,2026-04-17,9
PO000861,SKU_0160,556,2026-04-09,2026-04-18,18
PO000862,SKU_0099,576,2026-04-10,2026-04-19,3
PO000863,SKU_0143,853,2026-04-11,2026-04-20,20
PO000864,SKU_0085,880,2026-04-12,2026-04-21,17
PO000865,SKU_0198,374,2026-04-13,2026-04-22,14
PO000866,SKU_0065,263,2026-04-14,2026-04-23,1
PO000867,SKU_0132,257,2026-04-15,2026-04-24,17
PO000868,SKU_0011,218,2026-04-16,2026-04-25,8
PO000869,SKU_0108,379,2026-04-17,2026-04-26,5
PO000870,SKU_0026,329,2026-04-18,2026-04-27,5
PO000871,SKU_0189,354,2026-04-19,2026-04-28,9
PO000872,SKU_0165,195,2026-04-20,2026-04-29,3
PO000873,SKU_0151,824,2026-04-21,2026-04-30,19
PO000874,SKU_0085,565,2026-04-22,2026-05-01,9
PO000875,SKU_0168,139,2026-04-23,2026-05-02,18
PO000876,SKU_0151,502,2026-04-24,2026-05-03,16
PO000877,SKU_0123,109,2026-04-25,2026-05-04,1
PO000878,SKU_0144,360,2026-04-26,2026-05-05,2
PO000879,SKU_0189,577,2026-04-27,2026-05-06,14
PO000880,SKU_0068,276,2026-04-28,2026-05-07,14
PO000881,SKU_0104,523,2026-04-29,2026-05-08,1
PO000882,SKU_0080,590,2026-04-30,2026-05-09,16
PO000883,SKU_0159,712,2026-05-01,2026-05-10,15
PO000884,SKU_0053,806,2026-05-02,2026-05-11,15
PO000885,SKU_0106,831,2026-05-03,2026-05-12,12
PO000886,SKU_0153,128,2026-05-04,2026-05-13,16
PO000887,SKU_0044,482,2026-05-05,2026-05-14,14
PO000888,SKU_0140,850,2026-05-06,2026-05-15,15
PO000889,SKU_0090,202,2026-05-07,2026-05-16,15
PO000890,SKU_0101,838,2026-05-08,2026-05-17,19
PO000891,SKU_0097,450,2026-05-09,2026-05-18,8
PO000892,SKU_0009,328,2026-05-10,2026-05-19,2
PO000893,SKU_0012,106,2026-05-11,2026-05-20,2
PO000894,SKU_0069,235,2026-05-12,2026-05-21,10
PO000895,SKU_0182,447,2026-05-13,2026-05-22,3
PO000896,SKU_0182,654,2026-05-14,2026-05-23,17
PO000897,SKU_0028,837,2026-05-15,2026-05-24,8
PO000898,SKU_0056,207,2026-05-16,2026-05-25,4
PO000899,SKU_0099,836,2026-05-17,2026-05-26,14
PO000900,SKU_0197,742,2026-05-18,2026-05-27,10
PO000901,SKU_0110,408,2026-05-19,2026-05-28,1
PO000902,SKU_0077,489,2026-05-20,2026-05-29,4
PO000903,SKU_0103,638,2026-05-21,2026-05-30,1
PO000904,SKU_0106,515,2026-05-22,2026-05-31,17
PO000905,SKU_0109,712,2026-05-23,2026-06-01,17
PO000906,SKU_0112,495,2026-05-24,2026-06-02,7
PO000907,SKU_0058,799,2026-05-25,2026-06-03,20
PO000908,SKU_0078,850,2026-05-26,2026-06-04,15
PO000909,SKU_0075,792,2026-05-27,2026-06-05,13
PO000910,SKU_0042,537,2026-05-28,2026-06-06,2
PO000911,SKU_0166,579,2026-05-29,2026-06-07,19
PO000912,SKU_0068,122,2026-05-30,2026-06-08,13
PO000913,SKU_0181,978,2026-05-31,2026-06-09,11
PO000914,SKU_0033,977,2026-06-01,2026-06-10,15
PO000915,SKU_0071,750,2026-06-02,2026-06-11,10
PO000916,SKU_0056,999,2026-06-03,2026-06-12,9
PO000917,SKU_0105,66,2026-06-04,2026-06-13,9
PO000918,SKU_0200,580,2026-06-05,2026-06-14,20
PO000919,SKU_0101,780,2026-06-06,2026-06-15,1
PO000920,SKU_0051,375,2026-06-07,2026-06-16,17
PO000921,SKU_0074,681,2026-06-08,2026-06-17,12
PO000922,SKU_0171,662,2026-06-09,2026-06-18,10
PO000923,SKU_0121,595,2026-06-10,2026-06-19,5
PO000924,SKU_0143,645,2026-06-11,2026-06-20,18
PO000925,SKU_0166,970,2026-06-12,2026-06-21,15
PO000926,SKU_0143,757,2026-06-13,2026-06-22,6
PO000927,SKU_0005,891,2026-06-14,2026-06-23,7
PO000928,SKU_0083,251,2026-06-15,2026-06-24,17
PO000929,SKU_0182,393,2026-06-16,2026-06-25,6
PO000930,SKU_0051,902,2026-06-17,2026-06-26,8
PO000931,SKU_0010,572,2026-06-18,2026-06-27,12
PO000932,SKU_0140,908,2026-06-19,2026-06-28,14
PO000933,SKU_0004,449,2026-06-20,2026-06-29,12
PO000934,SKU_0095,267,2026-06-21,2026-06-30,10
PO000935,SKU_0146,494,2026-06-22,2026-07-01,20
PO000936,SKU_0080,814,2026-06-23,2026-07-02,15
PO000937,SKU_0036,271,2026-06-24,2026-07-03,7
PO000938,SKU_0025,432,2026-06-25,2026-07-04,9
PO000939,SKU_0098,930,2026-06-26,2026-07-05,10
PO000940,SKU_0164,641,2026-06-27,2026-07-06,10
PO000941,SKU_0101,56,2026-06-28,2026-07-07,16
PO000942,SKU_0195,321,2026-06-29,2026-07-08,7
PO000943,SKU_0009,788,2026-06-30,2026-07-09,5
PO000944,SKU_0061,65,2026-07-01,2026-07-10,3
PO000945,SKU_0053,473,2026-07-02,2026-07-11,18
PO000946,SKU_0146,573,2026-07-03,2026-07-12,11
PO000947,SKU_0171,852,2026-07-04,2026-07-13,15
PO000948,SKU_0163,802,2026-07-05,2026-07-14,20
PO000949,SKU_0063,70,2026-07-06,2026-07-15,5
PO000950,SKU_0121,739,2026-07-07,2026-07-16,12
PO000951,SKU_0105,988,2026-07-08,2026-07-17,4
PO000952,SKU_0004,277,2026-07-09,2026-07-18,15
PO000953,SKU_0093,834,2026-07-10,2026-07-19,9
PO000954,SKU_0169,337,2026-07-11,2026-07-20,7
PO000955,SKU_0173,858,2026-07-12,2026-07-21,10
PO000956,SKU_0178,183,2026-07-13,2026-07-22,13
PO000957,SKU_0028,332,2026-07-14,2026-07-23,8
PO000958,SKU_0170,453,2026-07-15,2026-07-24,12
PO000959,SKU_0080,714,2026-07-16,2026-07-25,19
PO000960,SKU_0076,115,2026-07-17,2026-07-26,1
PO000961,SKU_0116,698,2026-07-18,2026-07-27,16
PO000962,SKU_0069,653,2026-07-19,2026-07-28,17
PO000963,SKU_0098,486,2026-07-20,2026-07-29,18
PO000964,SKU_0001,878,2026-07-21,2026-07-30,11
PO000965,SKU_0167,983,2026-07-22,2026-07-31,18
PO000966,SKU_0096,308,2026-07-23,2026-08-01,7
PO000967,SKU_0017,152,2026-07-24,2026-08-02,18
PO000968,SKU_0112,616,2026-07-25,2026-08-03,8
PO000969,SKU_0091,818,2026-07-26,2026-08-04,6
PO000970,SKU_0088,150,2026-07-27,2026-08-05,7
PO000971,SKU_0163,247,2026-07-28,2026-08-06,10
PO000972,SKU_0174,862,2026-07-29,2026-08-07,11
PO000973,SKU_0170,275,2026-07-30,2026-08-08,13
PO000974,SKU_0167,992,2026-07-31,2026-08-09,9
PO000975,SKU_0090,512,2026-08-01,2026-08-10,7
PO000976,SKU_0049,286,2026-08-02,2026-08-11,9
PO000977,SKU_0190,75,2026-08-03,2026-08-12,13
PO000978,SKU_0038,170,2026-08-04,2026-08-13,3
PO000979,SKU_0151,959,2026-08-05,2026-08-14,3
PO000980,SKU_0150,555,2026-08-06,2026-08-15,1
PO000981,SKU_0132,231,2026-08-07,2026-08-16,20
PO000982,SKU_0177,760,2026-08-08,2026-08-17,2
PO000983,SKU_0059,863,2026-08-09,2026-08-18,3
PO000984,SKU_0068,816,2026-08-10,2026-08-19,15
PO000985,SKU_0199,683,2026-08-11,2026-08-20,6
PO000986,SKU_0130,592,2026-08-12,2026-08-21,13
PO000987,SKU_0049,364,2026-08-13,2026-08-22,1
PO000988,SKU_0126,846,2026-08-14,2026-08-23,20
PO000989,SKU_0159,667,2026-08-15,2026-08-24,19
PO000990,SKU_0111,785,2026-08-16,2026-08-25,1
PO000991,SKU_0168,322,2026-08-17,2026-08-26,2
PO000992,SKU_0048,959,2026-08-18,2026-08-27,15
PO000993,SKU_0051,281,2026-08-19,2026-08-28,14
PO000994,SKU_0043,469,2026-08-20,2026-08-29,19
PO000995,SKU_0098,817,2026-08-21,2026-08-30,11
PO000996,SKU_0183,491,2026-08-22,2026-08-31,15
PO000997,SKU_0177,545,2026-08-23,2026-09-01,6
PO000998,SKU_0124,73,2026-08-24,2026-09-02,20
PO000999,SKU_0080,158,2026-08-25,2026-09-03,9
PO001000,SKU_0185,752,2026-08-26,2026-09-04,5
PO001001,SKU_0111,551,2026-08-27,2026-09-05,20
PO001002,SKU_0143,908,2026-08-28,2026-09-06,2
PO001003,SKU_0027,74,2026-08-29,2026-09-07,6
PO001004,SKU_0196,236,2026-08-30,2026-09-08,18
PO001005,SKU_0192,337,2026-08-31,2026-09-09,19
PO001006,SKU_0158,677,2026-09-01,2026-09-10,9
PO001007,SKU_0164,387,2026-09-02,2026-09-11,6
PO001008,SKU_0195,927,2026-09-03,2026-09-12,14
PO001009,SKU_0113,963,2026-09-04,2026-09-13,13
PO001010,SKU_0086,86,2026-09-05,2026-09-14,11
PO001011,SKU_0114,843,2026-09-06,2026-09-15,12
PO001012,SKU_0124,186,2026-09-07,2026-09-16,19
PO001013,SKU_0049,557,2026-09-08,2026-09-17,19
PO001014,SKU_0076,276,2026-09-09,2026-09-18,19
PO001015,SKU_0055,369,2026-09-10,2026-09-19,13
PO001016,SKU_0056,889,2026-09-11,2026-09-20,14
PO001017,SKU_0196,965,2026-09-12,2026-09-21,18
PO001018,SKU_0095,231,2026-09-13,2026-09-22,12
PO001019,SKU_0044,923,2026-09-14,2026-09-23,4
PO001020,SKU_0159,135,2026-09-15,2026-09-24,10
PO001021,SKU_0186,516,2026-09-16,2026-09-25,17
PO001022,SKU_0087,975,2026-09-17,2026-09-26,4
PO001023,SKU_0181,102,2026-09-18,2026-09-27,12
PO001024,SKU_0084,909,2026-09-19,2026-09-28,13
PO001025,SKU_0151,916,2026-09-20,2026-09-29,4
PO001026,SKU_0156,284,2026-09-21,2026-09-30,10
PO001027,SKU_0016,828,2026-09-22,2026-10-01,3
PO001028,SKU_0165,848,2026-09-23,2026-10-02,15
PO001029,SKU_0149,482,2026-09-24,2026-10-03,2
PO001030,SKU_0145,545,2026-09-25,2026-10-04,17
PO001031,SKU_0037,149,2026-09-26,2026-10-05,6
PO001032,SKU_0077,648,2026-09-27,2026-10-06,8
PO001033,SKU_0147,452,2026-09-28,2026-10-07,3
PO001034,SKU_0158,445,2026-09-29,2026-10-08,18
PO001035,SKU_0045,576,2026-09-30,2026-10-09,1
PO001036,SKU_0146,464,2026-10-01,2026-10-10,16
PO001037,SKU_0062,988,2026-10-02,2026-10-11,7
PO001038,SKU_0164,662,2026-10-03,2026-10-12,3
PO001039,SKU_0100,726,2026-10-04,2026-10-13,4
PO001040,SKU_0052,512,2026-10-05,2026-10-14,9
PO001041,SKU_0019,590,2026-10-06,2026-10-15,5
PO001042,SKU_0109,675,2026-10-07,2026-10-16,19
PO001043,SKU_0044,668,2026-10-08,2026-10-17,15
PO001044,SKU_0007,971,2026-10-09,2026-10-18,8
PO001045,SKU_0172,413,2026-10-10,2026-10-19,6
PO001046,SKU_0117,179,2026-10-11,2026-10-20,18
PO001047,SKU_0068,133,2026-10-12,2026-10-21,19
PO001048,SKU_0034,320,2026-10-13,2026-10-22,15
PO001049,SKU_0194,293,2026-10-14,2026-10-23,7
PO001050,SKU_0069,437,2026-10-15,2026-10-24,10
PO001051,SKU_0055,263,2026-10-16,2026-10-25,6
PO001052,SKU_0010,867,2026-10-17,2026-10-26,14
PO001053,SKU_0042,215,2026-10-18,2026-10-27,17
PO001054,SKU_0041,840,2026-10-19,2026-10-28,9
PO001055,SKU_0197,108,2026-10-20,2026-10-29,19
PO001056,SKU_0122,651,2026-10-21,2026-10-30,5
PO001057,SKU_0138,932,2026-10-22,2026-10-31,7
PO001058,SKU_0010,892,2026-10-23,2026-11-01,19
PO001059,SKU_0102,973,2026-10-24,2026-11-02,20
PO001060,SKU_0188,553,2026-10-25,2026-11-03,7
PO001061,SKU_0128,755,2026-10-26,2026-11-04,2
PO001062,SKU_0179,172,2026-10-27,2026-11-05,16
PO001063,SKU_0149,697,2026-10-28,2026-11-06,13
PO001064,SKU_0136,462,2026-10-29,2026-11-07,8
PO001065,SKU_0193,188,2026-10-30,2026-11-08,6
PO001066,SKU_0092,278,2026-10-31,2026-11-09,6
PO001067,SKU_0113,323,2026-11-01,2026-11-10,9
PO001068,SKU_0078,488,2026-11-02,2026-11-11,4
PO001069,SKU_0085,611,2026-11-03,2026-11-12,11
PO001070,SKU_0030,959,2026-11-04,2026-11-13,5
PO001071,SKU_0049,167,2026-11-05,2026-11-14,17
PO001072,SKU_0009,763,2026-11-06,2026-11-15,20
PO001073,SKU_0145,954,2026-11-07,2026-11-16,7
PO001074,SKU_0069,532,2026-11-08,2026-11-17,15
PO001075,SKU_0058,444,2026-11-09,2026-11-18,15
PO001076,SKU_0185,752,2026-11-10,2026-11-19,14
PO001077,SKU_0062,925,2026-11-11,2026-11-20,13
PO001078,SKU_0052,509,2026-11-12,2026-11-21,11
PO001079,SKU_0189,884,2026-11-13,2026-11-22,13
PO001080,SKU_0040,742,2026-11-14,2026-11-23,9
PO001081,SKU_0166,984,2026-11-15,2026-11-24,10
PO001082,SKU_0171,127,2026-11-16,2026-11-25,4
PO001083,SKU_0063,461,2026-11-17,2026-11-26,17
PO001084,SKU_0147,124,2026-11-18,2026-11-27,14
PO001085,SKU_0050,344,2026-11-19,2026-11-28,18
PO001086,SKU_0161,842,2026-11-20,2026-11-29,11
PO001087,SKU_0141,70,2026-11-21,2026-11-30,16
PO001088,SKU_0078,955,2026-11-22,2026-12-01,1
PO001089,SKU_0097,220,2026-11-23,2026-12-02,7
PO001090,SKU_0190,64,2026-11-24,2026-12-03,10
PO001091,SKU_0043,260,2026-11-25,2026-12-04,9
PO001092,SKU_0177,609,2026-11-26,2026-12-05,3
PO001093,SKU_0036,135,2026-11-27,2026-12-06,14
PO001094,SKU_0122,198,2026-11-28,2026-12-07,15
PO001095,SKU_0108,749,2026-11-29,2026-12-08,2
PO001096,SKU_0010,421,2026-11-30,2026-12-09,14
PO001097,SKU_0095,529,2026-12-01,2026-12-10,16
PO001098,SKU_0006,867,2026-12-02,2026-12-11,7
PO001099,SKU_0057,200,2026-12-03,2026-12-12,4
PO001100,SKU_0129,190,2026-12-04,2026-12-13,18
PO001101,SKU_0071,118,2026-12-05,2026-12-14,5
PO001102,SKU_0186,309,2026-12-06,2026-12-15,6
PO001103,SKU_0021,895,2026-12-07,2026-12-16,7
PO001104,SKU_0092,570,2026-12-08,2026-12-17,15
PO001105,SKU_0127,682,2026-12-09,2026-12-18,1
PO001106,SKU_0080,420,2026-12-10,2026-12-19,4
PO001107,SKU_0056,468,2026-12-11,2026-12-20,1
PO001108,SKU_0116,150,2026-12-12,2026-12-21,11
PO001109,SKU_0148,710,2026-12-13,2026-12-22,18
PO001110,SKU_0182,707,2026-12-14,2026-12-23,14
PO001111,SKU_0025,914,2026-12-15,2026-12-24,11
PO001112,SKU_0156,292,2026-12-16,2026-12-25,10
PO001113,SKU_0005,802,2026-12-17,2026-12-26,17
PO001114,SKU_0120,561,2026-12-18,2026-12-27,4
PO001115,SKU_0021,898,2026-12-19,2026-12-28,15
PO001116,SKU_0018,604,2026-12-20,2026-12-29,16
PO001117,SKU_0175,144,2026-12-21,2026-12-30,13
PO001118,SKU_0198,275,2026-12-22,2026-12-31,9
PO001119,SKU_0057,567,2026-12-23,2027-01-01,11
PO001120,SKU_0093,263,2026-12-24,2027-01-02,11
PO001121,SKU_0019,767,2026-12-25,2027-01-03,6
PO001122,SKU_0128,116,2026-12-26,2027-01-04,1
PO001123,SKU_0097,445,2026-12-27,2027-01-05,6
PO001124,SKU_0193,661,2026-12-28,2027-01-06,13
PO001125,SKU_0131,61,2026-12-29,2027-01-07,5
PO001126,SKU_0170,286,2026-12-30,2027-01-08,15
PO001127,SKU_0021,883,2026-12-31,2027-01-09,18
PO001128,SKU_0040,819,2027-01-01,2027-01-10,20
PO001129,SKU_0067,448,2027-01-02,2027-01-11,14
PO001130,SKU_0153,456,2027-01-03,2027-01-12,15
PO001131,SKU_0127,974,2027-01-04,2027-01-13,5
PO001132,SKU_0055,898,2027-01-05,2027-01-14,4
PO001133,SKU_0180,529,2027-01-06,2027-01-15,2
PO001134,SKU_0172,696,2027-01-07,2027-01-16,7
PO001135,SKU_0109,271,2027-01-08,2027-01-17,10
PO001136,SKU_0098,205,2027-01-09,2027-01-18,16
PO001137,SKU_0184,703,2027-01-10,2027-01-19,10
PO001138,SKU_0183,477,2027-01-11,2027-01-20,18
PO001139,SKU_0112,207,2027-01-12,2027-01-21,17
PO001140,SKU_0198,465,2027-01-13,2027-01-22,13
PO001141,SKU_0115,375,2027-01-14,2027-01-23,1
PO001142,SKU_0117,420,2027-01-15,2027-01-24,1
PO001143,SKU_0087,393,2027-01-16,2027-01-25,15
PO001144,SKU_0081,311,2027-01-17,2027-01-26,1
PO001145,SKU_0066,332,2027-01-18,2027-01-27,6
PO001146,SKU_0019,899,2027-01-19,2027-01-28,13
PO001147,SKU_0135,905,2027-01-20,2027-01-29,1
PO001148,SKU_0118,278,2027-01-21,2027-01-30,5
PO001149,SKU_0191,937,2027-01-22,2027-01-31,9
PO001150,SKU_0042,329,2027-01-23,2027-02-01,17
PO001151,SKU_0042,919,2027-01-24,2027-02-02,16
PO001152,SKU_0059,339,2027-01-25,2027-02-03,8
PO001153,SKU_0020,729,2027-01-26,2027-02-04,17
PO001154,SKU_0073,96,2027-01-27,2027-02-05,15
PO001155,SKU_0017,764,2027-01-28,2027-02-06,1
PO001156,SKU_0027,263,2027-01-29,2027-02-07,12
PO001157,SKU_0175,807,2027-01-30,2027-02-08,5
PO001158,SKU_0002,73,2027-01-31,2027-02-09,6
PO001159,SKU_0063,370,2027-02-01,2027-02-10,1
PO001160,SKU_0062,323,2027-02-02,2027-02-11,1
PO001161,SKU_0100,605,2027-02-03,2027-02-12,10
PO001162,SKU_0019,893,2027-02-04,2027-02-13,10
PO001163,SKU_0017,362,2027-02-05,2027-02-14,3
PO001164,SKU_0069,412,2027-02-06,2027-02-15,17
PO001165,SKU_0167,717,2027-02-07,2027-02-16,19
PO001166,SKU_0117,429,2027-02-08,2027-02-17,11
PO001167,SKU_0199,760,2027-02-09,2027-02-18,18
PO001168,SKU_0081,968,2027-02-10,2027-02-19,2
PO001169,SKU_0039,723,2027-02-11,2027-02-20,9
PO001170,SKU_0036,956,2027-02-12,2027-02-21,17
PO001171,SKU_0168,519,2027-02-13,2027-02-22,14
PO001172,SKU_0173,795,2027-02-14,2027-02-23,4
PO001173,SKU_0132,724,2027-02-15,2027-02-24,17
PO001174,SKU_0153,165,2027-02-16,2027-02-25,17
PO001175,SKU_0197,654,2027-02-17,2027-02-26,12
PO001176,SKU_0158,91,2027-02-18,2027-02-27,20
PO001177,SKU_0196,845,2027-02-19,2027-02-28,18
PO001178,SKU_0029,428,2027-02-20,2027-03-01,3
PO001179,SKU_0196,771,2027-02-21,2027-03-02,11
PO001180,SKU_0051,255,2027-02-22,2027-03-03,18
PO001181,SKU_0152,515,2027-02-23,2027-03-04,4
PO001182,SKU_0014,781,2027-02-24,2027-03-05,17
PO001183,SKU_0069,329,2027-02-25,2027-03-06,18
PO001184,SKU_0146,697,2027-02-26,2027-03-07,5
PO001185,SKU_0170,667,2027-02-27,2027-03-08,14
PO001186,SKU_0057,167,2027-02-28,2027-03-09,10
PO001187,SKU_0012,286,2027-03-01,2027-03-10,15
PO001188,SKU_0017,358,2027-03-02,2027-03-11,1
PO001189,SKU_0030,505,2027-03-03,2027-03-12,16
PO001190,SKU_0088,949,2027-03-04,2027-03-13,11
PO001191,SKU_0099,524,2027-03-05,2027-03-14,20
PO001192,SKU_0023,149,2027-03-06,2027-03-15,6
PO001193,SKU_0129,310,2027-03-07,2027-03-16,16
PO001194,SKU_0079,354,2027-03-08,2027-03-17,2
PO001195,SKU_0032,403,2027-03-09,2027-03-18,1
PO001196,SKU_0009,335,2027-03-10,2027-03-19,9
PO001197,SKU_0015,377,2027-03-11,2027-03-20,12
PO001198,SKU_0156,152,2027-03-12,2027-03-21,17
PO001199,SKU_0152,112,2027-03-13,2027-03-22,15
PO001200,SKU_0188,736,2027-03-14,2027-03-23,19
PO001201,SKU_0163,331,2027-03-15,2027-03-24,10
PO001202,SKU_0027,490,2027-03-16,2027-03-25,12
PO001203,SKU_0109,342,2027-03-17,2027-03-26,14
PO001204,SKU_0076,787,2027-03-18,2027-03-27,9
PO001205,SKU_0148,56,2027-03-19,2027-03-28,13
PO001206,SKU_0065,688,2027-03-20,2027-03-29,3
PO001207,SKU_0177,985,2027-03-21,2027-03-30,14
PO001208,SKU_0109,141,2027-03-22,2027-03-31,10
PO001209,SKU_0129,984,2027-03-23,2027-04-01,16
PO001210,SKU_0010,239,2027-03-24,2027-04-02,7
PO001211,SKU_0047,920,2027-03-25,2027-04-03,4
PO001212,SKU_0123,525,2027-03-26,2027-04-04,20
PO001213,SKU_0059,560,2027-03-27,2027-04-05,11
PO001214,SKU_0096,511,2027-03-28,2027-04-06,16
PO001215,SKU_0190,102,2027-03-29,2027-04-07,20
PO001216,SKU_0103,803,2027-03-30,2027-04-08,4
PO001217,SKU_0124,535,2027-03-31,2027-04-09,17
PO001218,SKU_0086,693,2027-04-01,2027-04-10,13
PO001219,SKU_0146,539,2027-04-02,2027-04-11,11
PO001220,SKU_0112,413,2027-04-03,2027-04-12,3
PO001221,SKU_0174,161,2027-04-04,2027-04-13,9
PO001222,SKU_0160,458,2027-04-05,2027-04-14,6
PO001223,SKU_0027,56,2027-04-06,2027-04-15,11
PO001224,SKU_0018,791,2027-04-07,2027-04-16,16
PO001225,SKU_0167,717,2027-04-08,2027-04-17,19
PO001226,SKU_0177,246,2027-04-09,2027-04-18,5
PO001227,SKU_0082,884,2027-04-10,2027-04-19,14
PO001228,SKU_0172,925,2027-04-11,2027-04-20,17
PO001229,SKU_0072,784,2027-04-12,2027-04-21,3
PO001230,SKU_0054,416,2027-04-13,2027-04-22,4
PO001231,SKU_0162,299,2027-04-14,2027-04-23,16
PO001232,SKU_0071,965,2027-04-15,2027-04-24,16
PO001233,SKU_0164,644,2027-04-16,2027-04-25,4
PO001234,SKU_0146,289,2027-04-17,2027-04-26,19
PO001235,SKU_0038,429,2027-04-18,2027-04-27,17
PO001236,SKU_0187,956,2027-04-19,2027-04-28,13
PO001237,SKU_0137,921,2027-04-20,2027-04-29,1
PO001238,SKU_0200,884,2027-04-21,2027-04-30,12
PO001239,SKU_0179,520,2027-04-22,2027-05-01,4
PO001240,SKU_0035,824,2027-04-23,2027-05-02,11
PO001241,SKU_0082,968,2027-04-24,2027-05-03,5
PO001242,SKU_0133,750,2027-04-25,2027-05-04,2
PO001243,SKU_0142,504,2027-04-26,2027-05-05,17
PO001244,SKU_0158,415,2027-04-27,2027-05-06,8
PO001245,SKU_0004,339,2027-04-28,2027-05-07,6
PO001246,SKU_0167,923,2027-04-29,2027-05-08,9
PO001247,SKU_0192,452,2027-04-30,2027-05-09,13
PO001248,SKU_0153,107,2027-05-01,2027-05-10,11
PO001249,SKU_0156,570,2027-05-02,2027-05-11,16
PO001250,SKU_0194,353,2027-05-03,2027-05-12,16
PO001251,SKU_0150,164,2027-05-04,2027-05-13,2
PO001252,SKU_0159,259,2027-05-05,2027-05-14,10
PO001253,SKU_0023,90,2027-05-06,2027-05-15,12
PO001254,SKU_0048,865,2027-05-07,2027-05-16,8
PO001255,SKU_0148,222,2027-05-08,2027-05-17,11
PO001256,SKU_0125,283,2027-05-09,2027-05-18,10
PO001257,SKU_0166,842,2027-05-10,2027-05-19,13
PO001258,SKU_0055,933,2027-05-11,2027-05-20,17
PO001259,SKU_0068,639,2027-05-12,2027-05-21,7
PO001260,SKU_0088,669,2027-05-13,2027-05-22,3
PO001261,SKU_0001,842,2027-05-14,2027-05-23,20
PO001262,SKU_0135,452,2027-05-15,2027-05-24,13
PO001263,SKU_0185,88,2027-05-16,2027-05-25,19
PO001264,SKU_0095,168,2027-05-17,2027-05-26,7
PO001265,SKU_0140,384,2027-05-18,2027-05-27,9
PO001266,SKU_0106,385,2027-05-19,2027-05-28,19
PO001267,SKU_0133,588,2027-05-20,2027-05-29,13
PO001268,SKU_0108,665,2027-05-21,2027-05-30,8
PO001269,SKU_0178,123,2027-05-22,2027-05-31,18
PO001270,SKU_0042,240,2027-05-23,2027-06-01,2
PO001271,SKU_0102,373,2027-05-24,2027-06-02,18
PO001272,SKU_0124,196,2027-05-25,2027-06-03,18
PO001273,SKU_0140,816,2027-05-26,2027-06-04,11
PO001274,SKU_0103,333,2027-05-27,2027-06-05,1
PO001275,SKU_0146,262,2027-05-28,2027-06-06,14
PO001276,SKU_0194,684,2027-05-29,2027-06-07,16
PO001277,SKU_0074,767,2027-05-30,2027-06-08,11
PO001278,SKU_0108,978,2027-05-31,2027-06-09,1
PO001279,SKU_0122,801,2027-06-01,2027-06-10,7
PO001280,SKU_0017,443,2027-06-02,2027-06-11,16
PO001281,SKU_0196,388,2027-06-03,2027-06-12,14
PO001282,SKU_0071,847,2027-06-04,2027-06-13,15
PO001283,SKU_0062,71,2027-06-05,2027-06-14,14
PO001284,SKU_0041,820,2027-06-06,2027-06-15,11
PO001285,SKU_0119,918,2027-06-07,2027-06-16,16
PO001286,SKU_0162,154,2027-06-08,2027-06-17,19
PO001287,SKU_0198,515,2027-06-09,2027-06-18,17
PO001288,SKU_0045,508,2027-06-10,2027-06-19,6
PO001289,SKU_0058,481,2027-06-11,2027-06-20,11
PO001290,SKU_0179,819,2027-06-12,2027-06-21,17
PO001291,SKU_0126,765,2027-06-13,2027-06-22,9
PO001292,SKU_0162,871,2027-06-14,2027-06-23,18
PO001293,SKU_0044,823,2027-06-15,2027-06-24,17
PO001294,SKU_0015,668,2027-06-16,2027-06-25,12
PO001295,SKU_0078,812,2027-06-17,2027-06-26,5
PO001296,SKU_0070,985,2027-06-18,2027-06-27,11
PO001297,SKU_0178,270,2027-06-19,2027-06-28,4
PO001298,SKU_0101,428,2027-06-20,2027-06-29,4
PO001299,SKU_0160,271,2027-06-21,2027-06-30,3
PO001300,SKU_0195,307,2027-06-22,2027-07-01,17
PO001301,SKU_0003,762,2027-06-23,2027-07-02,7
PO001302,SKU_0086,416,2027-06-24,2027-07-03,4
PO001303,SKU_0074,819,2027-06-25,2027-07-04,13
PO001304,SKU_0051,398,2027-06-26,2027-07-05,12
PO001305,SKU_0067,274,2027-06-27,2027-07-06,1
PO001306,SKU_0076,763,2027-06-28,2027-07-07,19
PO001307,SKU_0093,787,2027-06-29,2027-07-08,20
PO001308,SKU_0176,285,2027-06-30,2027-07-09,18
PO001309,SKU_0145,232,2027-07-01,2027-07-10,11
PO001310,SKU_0007,761,2027-07-02,2027-07-11,20
PO001311,SKU_0013,918,2027-07-03,2027-07-12,3
PO001312,SKU_0120,807,2027-07-04,2027-07-13,17
PO001313,SKU_0066,493,2027-07-05,2027-07-14,12
PO001314,SKU_0004,914,2027-07-06,2027-07-15,10
PO001315,SKU_0138,672,2027-07-07,2027-07-16,8
PO001316,SKU_0088,55,2027-07-08,2027-07-17,15
PO001317,SKU_0017,285,2027-07-09,2027-07-18,5
PO001318,SKU_0052,176,2027-07-10,2027-07-19,4
PO001319,SKU_0134,153,2027-07-11,2027-07-20,20
PO001320,SKU_0069,798,2027-07-12,2027-07-21,19
PO001321,SKU_0137,964,2027-07-13,2027-07-22,4
PO001322,SKU_0021,529,2027-07-14,2027-07-23,15
PO001323,SKU_0024,204,2027-07-15,2027-07-24,17
PO001324,SKU_0004,306,2027-07-16,2027-07-25,12
PO001325,SKU_0152,284,2027-07-17,2027-07-26,3
PO001326,SKU_0187,549,2027-07-18,2027-07-27,10
PO001327,SKU_0003,338,2027-07-19,2027-07-28,15
PO001328,SKU_0068,559,2027-07-20,2027-07-29,10
PO001329,SKU_0101,601,2027-07-21,2027-07-30,18
PO001330,SKU_0168,849,2027-07-22,2027-07-31,1
PO001331,SKU_0176,758,2027-07-23,2027-08-01,3
PO001332,SKU_0054,834,2027-07-24,2027-08-02,12
PO001333,SKU_0035,943,2027-07-25,2027-08-03,1
PO001334,SKU_0056,825,2027-07-26,2027-08-04,3
PO001335,SKU_0108,618,2027-07-27,2027-08-05,3
PO001336,SKU_0040,347,2027-07-28,2027-08-06,5
PO001337,SKU_0068,659,2027-07-29,2027-08-07,19
PO001338,SKU_0046,186,2027-07-30,2027-08-08,1
PO001339,SKU_0078,425,2027-07-31,2027-08-09,4
PO001340,SKU_0141,136,2027-08-01,2027-08-10,4
PO001341,SKU_0155,468,2027-08-02,2027-08-11,17
PO001342,SKU_0006,803,2027-08-03,2027-08-12,14
PO001343,SKU_0017,248,2027-08-04,2027-08-13,18
PO001344,SKU_0164,512,2027-08-05,2027-08-14,1
PO001345,SKU_0099,486,2027-08-06,2027-08-15,16
PO001346,SKU_0081,359,2027-08-07,2027-08-16,3
PO001347,SKU_0002,645,2027-08-08,2027-08-17,9
PO001348,SKU_0077,803,2027-08-09,2027-08-18,4
PO001349,SKU_0180,330,2027-08-10,2027-08-19,5
PO001350,SKU_0066,372,2027-08-11,2027-08-20,11
PO001351,SKU_0052,813,2027-08-12,2027-08-21,9
PO001352,SKU_0092,751,2027-08-13,2027-08-22,3
PO001353,SKU_0171,991,2027-08-14,2027-08-23,6
PO001354,SKU_0022,201,2027-08-15,2027-08-24,11
PO001355,SKU_0111,351,2027-08-16,2027-08-25,9
PO001356,SKU_0107,327,2027-08-17,2027-08-26,15
PO001357,SKU_0183,700,2027-08-18,2027-08-27,3
PO001358,SKU_0067,737,2027-08-19,2027-08-28,1
PO001359,SKU_0188,57,2027-08-20,2027-08-29,20
PO001360,SKU_0186,856,2027-08-21,2027-08-30,19
PO001361,SKU_0140,284,2027-08-22,2027-08-31,14
PO001362,SKU_0069,724,2027-08-23,2027-09-01,17
PO001363,SKU_0084,610,2027-08-24,2027-09-02,14
PO001364,SKU_0103,351,2027-08-25,2027-09-03,17
PO001365,SKU_0039,87,2027-08-26,2027-09-04,14
PO001366,SKU_0013,185,2027-08-27,2027-09-05,12
PO001367,SKU_0041,871,2027-08-28,2027-09-06,16
PO001368,SKU_0057,470,2027-08-29,2027-09-07,1
PO001369,SKU_0181,268,2027-08-30,2027-09-08,13
PO001370,SKU_0012,397,2027-08-31,2027-09-09,6
PO001371,SKU_0013,857,2027-09-01,2027-09-10,17
PO001372,SKU_0120,595,2027-09-02,2027-09-11,12
PO001373,SKU_0097,913,2027-09-03,2027-09-12,19
PO001374,SKU_0057,128,2027-09-04,2027-09-13,6
PO001375,SKU_0040,797,2027-09-05,2027-09-14,7
PO001376,SKU_0118,944,2027-09-06,2027-09-15,1
PO001377,SKU_0080,322,2027-09-07,2027-09-16,1
PO001378,SKU_0128,210,2027-09-08,2027-09-17,5
PO001379,SKU_0173,736,2027-09-09,2027-09-18,6
PO001380,SKU_0035,927,2027-09-10,2027-09-19,16
PO001381,SKU_0003,357,2027-09-11,2027-09-20,16
PO001382,SKU_0120,423,2027-09-12,2027-09-21,14
PO001383,SKU_0005,782,2027-09-13,2027-09-22,1
PO001384,SKU_0011,58,2027-09-14,2027-09-23,13
PO001385,SKU_0126,850,2027-09-15,2027-09-24,20
PO001386,SKU_0071,493,2027-09-16,2027-09-25,10
PO001387,SKU_0117,162,2027-09-17,2027-09-26,10
PO001388,SKU_0184,254,2027-09-18,2027-09-27,9
PO001389,SKU_0138,454,2027-09-19,2027-09-28,13
PO001390,SKU_0106,747,2027-09-20,2027-09-29,3
PO001391,SKU_0116,902,2027-09-21,2027-09-30,18
PO001392,SKU_0162,246,2027-09-22,2027-10-01,20
PO001393,SKU_0067,827,2027-09-23,2027-10-02,2
PO001394,SKU_0200,823,2027-09-24,2027-10-03,17
PO001395,SKU_0031,809,2027-09-25,2027-10-04,19
PO001396,SKU_0075,164,2027-09-26,2027-10-05,13
PO001397,SKU_0071,170,2027-09-27,2027-10-06,13
PO001398,SKU_0066,702,2027-09-28,2027-10-07,1
PO001399,SKU_0070,114,2027-09-29,2027-10-08,2
PO001400,SKU_0041,325,2027-09-30,2027-10-09,1
PO001401,SKU_0191,874,2027-10-01,2027-10-10,5
PO001402,SKU_0160,288,2027-10-02,2027-10-11,3
PO001403,SKU_0020,351,2027-10-03,2027-10-12,7
PO001404,SKU_0185,441,2027-10-04,2027-10-13,13
PO001405,SKU_0178,571,2027-10-05,2027-10-14,18
PO001406,SKU_0153,418,2027-10-06,2027-10-15,7
PO001407,SKU_0140,282,2027-10-07,2027-10-16,1
PO001408,SKU_0199,244,2027-10-08,2027-10-17,5
PO001409,SKU_0039,956,2027-10-09,2027-10-18,17
PO001410,SKU_0145,61,2027-10-10,2027-10-19,8
PO001411,SKU_0045,955,2027-10-11,2027-10-20,15
PO001412,SKU_0139,970,2027-10-12,2027-10-21,20
PO001413,SKU_0070,738,2027-10-13,2027-10-22,4
PO001414,SKU_0125,226,2027-10-14,2027-10-23,2
PO001415,SKU_0151,266,2027-10-15,2027-10-24,5
PO001416,SKU_0091,60,2027-10-16,2027-10-25,1
PO001417,SKU_0070,495,2027-10-17,2027-10-26,5
PO001418,SKU_0166,679,2027-10-18,2027-10-27,6
PO001419,SKU_0130,213,2027-10-19,2027-10-28,2
PO001420,SKU_0084,600,2027-10-20,2027-10-29,1
PO001421,SKU_0089,102,2027-10-21,2027-10-30,4
PO001422,SKU_0079,267,2027-10-22,2027-10-31,7
PO001423,SKU_0113,767,2027-10-23,2027-11-01,1
PO001424,SKU_0093,873,2027-10-24,2027-11-02,1
PO001425,SKU_0072,409,2027-10-25,2027-11-03,8
PO001426,SKU_0165,434,2027-10-26,2027-11-04,20
PO001427,SKU_0049,105,2027-10-27,2027-11-05,16
PO001428,SKU_0052,167,2027-10-28,2027-11-06,13
PO001429,SKU_0033,949,2027-10-29,2027-11-07,18
PO001430,SKU_0022,302,2027-10-30,2027-11-08,20
PO001431,SKU_0114,847,2027-10-31,2027-11-09,10
PO001432,SKU_0133,829,2027-11-01,2027-11-10,12
PO001433,SKU_0018,852,2027-11-02,2027-11-11,1
PO001434,SKU_0166,894,2027-11-03,2027-11-12,10
PO001435,SKU_0118,229,2027-11-04,2027-11-13,9
PO001436,SKU_0117,464,2027-11-05,2027-11-14,3
PO001437,SKU_0037,919,2027-11-06,2027-11-15,19
PO001438,SKU_0064,284,2027-11-07,2027-11-16,9
PO001439,SKU_0138,904,2027-11-08,2027-11-17,10
PO001440,SKU_0079,757,2027-11-09,2027-11-18,19
PO001441,SKU_0170,869,2027-11-10,2027-11-19,16
PO001442,SKU_0123,129,2027-11-11,2027-11-20,18
PO001443,SKU_0176,696,2027-11-12,2027-11-21,14
PO001444,SKU_0044,71,2027-11-13,2027-11-22,3
PO001445,SKU_0082,526,2027-11-14,2027-11-23,2
PO001446,SKU_0087,892,2027-11-15,2027-11-24,1
PO001447,SKU_0016,489,2027-11-16,2027-11-25,18
PO001448,SKU_0054,786,2027-11-17,2027-11-26,9
PO001449,SKU_0102,619,2027-11-18,2027-11-27,13
PO001450,SKU_0163,142,2027-11-19,2027-11-28,2
PO001451,SKU_0098,241,2027-11-20,2027-11-29,7
PO001452,SKU_0156,152,2027-11-21,2027-11-30,16
PO001453,SKU_0002,445,2027-11-22,2027-12-01,19
PO001454,SKU_0094,56,2027-11-23,2027-12-02,15
PO001455,SKU_0141,689,2027-11-24,2027-12-03,11
PO001456,SKU_0169,616,2027-11-25,2027-12-04,1
PO001457,SKU_0059,280,2027-11-26,2027-12-05,7
PO001458,SKU_0069,923,2027-11-27,2027-12-06,20
PO001459,SKU_0119,623,2027-11-28,2027-12-07,8
PO001460,SKU_0092,289,2027-11-29,2027-12-08,10
PO001461,SKU_0181,139,2027-11-30,2027-12-09,5
PO001462,SKU_0045,281,2027-12-01,2027-12-10,9
PO001463,SKU_0148,506,2027-12-02,2027-12-11,1
PO001464,SKU_0024,282,2027-12-03,2027-12-12,2
PO001465,SKU_0189,403,2027-12-04,2027-12-13,19
PO001466,SKU_0091,382,2027-12-05,2027-12-14,14
PO001467,SKU_0094,488,2027-12-06,2027-12-15,20
PO001468,SKU_0058,424,2027-12-07,2027-12-16,10
PO001469,SKU_0155,341,2027-12-08,2027-12-17,9
PO001470,SKU_0154,394,2027-12-09,2027-12-18,10
PO001471,SKU_0128,713,2027-12-10,2027-12-19,6
PO001472,SKU_0007,477,2027-12-11,2027-12-20,17
PO001473,SKU_0170,706,2027-12-12,2027-12-21,6
PO001474,SKU_0047,179,2027-12-13,2027-12-22,4
PO001475,SKU_0053,190,2027-12-14,2027-12-23,20
PO001476,SKU_0187,464,2027-12-15,2027-12-24,3
PO001477,SKU_0038,142,2027-12-16,2027-12-25,19
PO001478,SKU_0197,675,2027-12-17,2027-12-26,18
PO001479,SKU_0053,333,2027-12-18,2027-12-27,4
PO001480,SKU_0143,972,2027-12-19,2027-12-28,8
PO001481,SKU_0154,704,2027-12-20,2027-12-29,17
PO001482,SKU_0048,272,2027-12-21,2027-12-30,5
PO001483,SKU_0095,793,2027-12-22,2027-12-31,13
PO001484,SKU_0147,512,2027-12-23,2028-01-01,1
PO001485,SKU_0137,594,2027-12-24,2028-01-02,13
PO001486,SKU_0064,325,2027-12-25,2028-01-03,4
PO001487,SKU_0093,731,2027-12-26,2028-01-04,14
PO001488,SKU_0182,189,2027-12-27,2028-01-05,3
PO001489,SKU_0125,406,2027-12-28,2028-01-06,5
PO001490,SKU_0179,762,2027-12-29,2028-01-07,7
PO001491,SKU_0039,72,2027-12-30,2028-01-08,1
PO001492,SKU_0004,785,2027-12-31,2028-01-09,12
PO001493,SKU_0126,929,2028-01-01,2028-01-10,11
PO001494,SKU_0003,319,2028-01-02,2028-01-11,8
PO001495,SKU_0064,908,2028-01-03,2028-01-12,6
PO001496,SKU_0029,714,2028-01-04,2028-01-13,2
PO001497,SKU_0116,382,2028-01-05,2028-01-14,19
PO001498,SKU_0011,134,2028-01-06,2028-01-15,20
PO001499,SKU_0097,670,2028-01-07,2028-01-16,20
PO001500,SKU_0102,80,2028-01-08,2028-01-17,14
