sale_id,item_id,quantity_sold,sale_date
S000001,SKU_0031,181,2024-01-01
S000002,SKU_0122,170,2024-01-02
S000003,SKU_0137,187,2024-01-03
S000004,SKU_0051,175,2024-01-04
S000005,SKU_0029,162,2024-01-05
S000006,SKU_0040,165,2024-01-06
S000007,SKU_0041,134,2024-01-07
S000008,SKU_0011,135,2024-01-08
S000009,SKU_0151,153,2024-01-09
S000010,SKU_0001,33,2024-01-10
S000011,SKU_0046,55,2024-01-11
S000012,SKU_0101,186,2024-01-12
S000013,SKU_0149,7,2024-01-13
S000014,SKU_0090,57,2024-01-14
S000015,SKU_0110,126,2024-01-15
S000016,SKU_0164,12,2024-01-16
S000017,SKU_0182,16,2024-01-17
S000018,SKU_0057,43,2024-01-18
S000019,SKU_0001,117,2024-01-19
S000020,SKU_0063,135,2024-01-20
S000021,SKU_0182,111,2024-01-21
S000022,SKU_0055,51,2024-01-22
S000023,SKU_0115,160,2024-01-23
S000024,SKU_0168,75,2024-01-24
S000025,SKU_0143,8,2024-01-25
S000026,SKU_0149,45,2024-01-26
S000027,SKU_0175,59,2024-01-27
S000028,SKU_0053,132,2024-01-28
S000029,SKU_0137,104,2024-01-29
S000030,SKU_0180,195,2024-01-30
S000031,SKU_0057,157,2024-01-31
S000032,SKU_0117,157,2024-02-01
S000033,SKU_0154,98,2024-02-02
S000034,SKU_0169,156,2024-02-03
S000035,SKU_0035,79,2024-02-04
S000036,SKU_0063,124,2024-02-05
S000037,SKU_0025,172,2024-02-06
S000038,SKU_0090,4,2024-02-07
S000039,SKU_0075,90,2024-02-08
S000040,SKU_0038,104,2024-02-09
S000041,SKU_0130,137,2024-02-10
S000042,SKU_0135,119,2024-02-11
S000043,SKU_0162,133,2024-02-12
S000044,SKU_0091,56,2024-02-13
S000045,SKU_0017,96,2024-02-14
S000046,SKU_0128,178,2024-02-15
S000047,SKU_0171,75,2024-02-16
S000048,SKU_0187,143,2024-02-17
S000049,SKU_0108,32,2024-02-18
S000050,SKU_0179,28,2024-02-19
S000051,SKU_0182,22,2024-02-20
S000052,SKU_0152,17,2024-02-21
S000053,SKU_0025,59,2024-02-22
S000054,SKU_0199,90,2024-02-23
S000055,SKU_0180,199,2024-02-24
S000056,SKU_0198,106,2024-02-25
S000057,SKU_0088,185,2024-02-26
S000058,SKU_0161,26,2024-02-27
S000059,SKU_0177,25,2024-02-28
S000060,SKU_0029,138,2024-02-29
S000061,SKU_0063,45,2024-03-01
S000062,SKU_0150,83,2024-03-02
S000063,SKU_0154,11,2024-03-03
S000064,SKU_0156,181,2024-03-04
S000065,SKU_0114,104,2024-03-05
S000066,SKU_0049,68,2024-03-06
S000067,SKU_0199,95,2024-03-07
S000068,SKU_0081,156,2024-03-08
S000069,SKU_0084,65,2024-03-09
S000070,SKU_0105,49,2024-03-10
S000071,SKU_0177,175,2024-03-11
S000072,SKU_0148,52,2024-03-12
S000073,SKU_0118,102,2024-03-13
S000074,SKU_0086,182,2024-03-14
S000075,SKU_0063,188,2024-03-15
S000076,SKU_0189,57,2024-03-16
S000077,SKU_0104,47,2024-03-17
S000078,SKU_0049,159,2024-03-18
S000079,SKU_0071,174,2024-03-19
S000080,SKU_0001,26,2024-03-20
S000081,SKU_0141,114,2024-03-21
S000082,SKU_0179,5,2024-03-22
S000083,SKU_0123,84,2024-03-23
S000084,SKU_0184,52,2024-03-24
S000085,SKU_0062,105,2024-03-25
S000086,SKU_0032,54,2024-03-26
S000087,SKU_0158,161,2024-03-27
S000088,SKU_0029,178,2024-03-28
S000089,SKU_0049,166,2024-03-29
S000090,SKU_0173,155,2024-03-30
S000091,SKU_0030,15,2024-03-31
S000092,SKU_0144,61,2024-04-01
S000093,SKU_0168,122,2024-04-02
S000094,SKU_0019,21,2024-04-03
S000095,SKU_0018,46,2024-04-04
S000096,SKU_0001,197,2024-04-05
S000097,SKU_0078,134,2024-04-06
S000098,SKU_0115,38,2024-04-07
S000099,SKU_0175,62,2024-04-08
S000100,SKU_0194,86,2024-04-09
S000101,SKU_0113,190,2024-04-10
S000102,SKU_0114,78,2024-04-11
S000103,SKU_0166,46,2024-04-12
S000104,SKU_0179,141,2024-04-13
S000105,SKU_0063,3,2024-04-14
S000106,SKU_0132,6,2024-04-15
S000107,SKU_0129,93,2024-04-16
S000108,SKU_0008,8,2024-04-17
S000109,SKU_0157,172,2024-04-18
S000110,SKU_0055,108,2024-04-19
S000111,SKU_0103,161,2024-04-20
S000112,SKU_0131,75,2024-04-21
S000113,SKU_0032,77,2024-04-22
S000114,SKU_0010,50,2024-04-23
S000115,SKU_0110,11,2024-04-24
S000116,SKU_0162,95,2024-04-25
S000117,SKU_0124,156,2024-04-26
S000118,SKU_0087,70,2024-04-27
S000119,SKU_0055,169,2024-04-28
S000120,SKU_0032,16,2024-04-29
S000121,SKU_0178,68,2024-04-30
S000122,SKU_0135,99,2024-05-01
S000123,SKU_0093,48,2024-05-02
S000124,SKU_0008,184,2024-05-03
S000125,SKU_0065,64,2024-05-04
S000126,SKU_0057,187,2024-05-05
S000127,SKU_0067,90,2024-05-06
S000128,SKU_0187,190,2024-05-07
S000129,SKU_0072,76,2024-05-08
S000130,SKU_0054,139,2024-05-09
S000131,SKU_0067,101,2024-05-10
S000132,SKU_0051,89,2024-05-11
S000133,SKU_0097,18,2024-05-12
S000134,SKU_0092,19,2024-05-13
S000135,SKU_0008,55,2024-05-14
S000136,SKU_0162,102,2024-05-15
S000137,SKU_0035,118,2024-05-16
S000138,SKU_0096,154,2024-05-17
S000139,SKU_0088,134,2024-05-18
S000140,SKU_0078,4,2024-05-19
S000141,SKU_0032,108,2024-05-20
S000142,SKU_0120,115,2024-05-21
S000143,SKU_0046,29,2024-05-22
S000144,SKU_0144,59,2024-05-23
S000145,SKU_0196,125,2024-05-24
S000146,SKU_0165,98,2024-05-25
S000147,SKU_0182,17,2024-05-26
S000148,SKU_0142,107,2024-05-27
S000149,SKU_0055,43,2024-05-28
S000150,SKU_0176,80,2024-05-29
S000151,SKU_0007,194,2024-05-30
S000152,SKU_0074,162,2024-05-31
S000153,SKU_0007,8,2024-06-01
S000154,SKU_0161,141,2024-06-02
S000155,SKU_0151,106,2024-06-03
S000156,SKU_0085,8,2024-06-04
S000157,SKU_0147,96,2024-06-05
S000158,SKU_0112,94,2024-06-06
S000159,SKU_0125,65,2024-06-07
S000160,SKU_0147,171,2024-06-08
S000161,SKU_0036,39,2024-06-09
S000162,SKU_0029,81,2024-06-10
S000163,SKU_0188,187,2024-06-11
S000164,SKU_0082,84,2024-06-12
S000165,SKU_0002,88,2024-06-13
S000166,SKU_0129,86,2024-06-14
S000167,SKU_0047,93,2024-06-15
S000168,SKU_0197,86,2024-06-16
S000169,SKU_0148,44,2024-06-17
S000170,SKU_0011,137,2024-06-18
S000171,SKU_0130,165,2024-06-19
S000172,SKU_0195,74,2024-06-20
S000173,SKU_0119,36,2024-06-21
S000174,SKU_0140,101,2024-06-22
S000175,SKU_0020,156,2024-06-23
S000176,SKU_0005,170,2024-06-24
S000177,SKU_0037,171,2024-06-25
S000178,SKU_0166,170,2024-06-26
S000179,SKU_0137,104,2024-06-27
S000180,SKU_0053,66,2024-06-28
S000181,SKU_0172,55,2024-06-29
S000182,SKU_0099,176,2024-06-30
S000183,SKU_0086,91,2024-07-01
S000184,SKU_0108,22,2024-07-02
S000185,SKU_0024,101,2024-07-03
S000186,SKU_0081,155,2024-07-04
S000187,SKU_0158,121,2024-07-05
S000188,SKU_0120,93,2024-07-06
S000189,SKU_0059,195,2024-07-07
S000190,SKU_0128,108,2024-07-08
S000191,SKU_0114,141,2024-07-09
S000192,SKU_0115,173,2024-07-10
S000193,SKU_0014,10,2024-07-11
S000194,SKU_0009,9,2024-07-12
S000195,SKU_0040,182,2024-07-13
S000196,SKU_0194,155,2024-07-14
S000197,SKU_0025,34,2024-07-15
S000198,SKU_0103,129,2024-07-16
S000199,SKU_0022,160,2024-07-17
S000200,SKU_0004,89,2024-07-18
S000201,SKU_0154,93,2024-07-19
S000202,SKU_0186,71,2024-07-20
S000203,SKU_0029,67,2024-07-21
S000204,SKU_0109,148,2024-07-22
S000205,SKU_0098,117,2024-07-23
S000206,SKU_0037,94,2024-07-24
S000207,SKU_0075,163,2024-07-25
S000208,SKU_0070,99,2024-07-26
S000209,SKU_0146,113,2024-07-27
S000210,SKU_0128,103,2024-07-28
S000211,SKU_0085,91,2024-07-29
S000212,SKU_0042,90,2024-07-30
S000213,SKU_0100,17,2024-07-31
S000214,SKU_0041,18,2024-08-01
S000215,SKU_0166,173,2024-08-02
S000216,SKU_0034,116,2024-08-03
S000217,SKU_0017,93,2024-08-04
S000218,SKU_0165,181,2024-08-05
S000219,SKU_0153,91,2024-08-06
S000220,SKU_0122,82,2024-08-07
S000221,SKU_0076,68,2024-08-08
S000222,SKU_0087,193,2024-08-09
S000223,SKU_0117,114,2024-08-10
S000224,SKU_0106,1,2024-08-11
S000225,SKU_0086,58,2024-08-12
S000226,SKU_0027,154,2024-08-13
S000227,SKU_0057,109,2024-08-14
S000228,SKU_0031,148,2024-08-15
S000229,SKU_0134,116,2024-08-16
S000230,SKU_0168,87,2024-08-17
S000231,SKU_0098,10,2024-08-18
S000232,SKU_0012,59,2024-08-19
S000233,SKU_0053,41,2024-08-20
S000234,SKU_0199,105,2024-08-21
S000235,SKU_0138,133,2024-08-22
S000236,SKU_0173,122,2024-08-23
S000237,SKU_0145,193,2024-08-24
S000238,SKU_0154,145,2024-08-25
S000239,SKU_0190,22,2024-08-26
S000240,SKU_0122,98,2024-08-27
S000241,SKU_0046,169,2024-08-28
S000242,SKU_0064,68,2024-08-29
S000243,SKU_0130,197,2024-08-30
S000244,SKU_0054,139,2024-08-31
S000245,SKU_0107,56,2024-09-01
S000246,SKU_0193,179,2024-09-02
S000247,SKU_0051,149,2024-09-03
S000248,SKU_0181,99,2024-09-04
S000249,SKU_0036,76,2024-09-05
S000250,SKU_0115,26,2024-09-06
S000251,SKU_0026,115,2024-09-07
S000252,SKU_0029,147,2024-09-08
S000253,SKU_0149,109,2024-09-09
S000254,SKU_0011,188,2024-09-10
S000255,SKU_0040,199,2024-09-11
S000256,SKU_0011,47,2024-09-12
S000257,SKU_0164,71,2024-09-13
S000258,SKU_0113,154,2024-09-14
S000259,SKU_0187,40,2024-09-15
S000260,SKU_0039,133,2024-09-16
S000261,SKU_0054,149,2024-09-17
S000262,SKU_0098,132,2024-09-18
S000263,SKU_0055,23,2024-09-19
S000264,SKU_0111,106,2024-09-20
S000265,SKU_0152,84,2024-09-21
S000266,SKU_0150,143,2024-09-22
S000267,SKU_0069,116,2024-09-23
S000268,SKU_0056,109,2024-09-24
S000269,SKU_0033,136,2024-09-25
S000270,SKU_0036,41,2024-09-26
S000271,SKU_0148,112,2024-09-27
S000272,SKU_0081,147,2024-09-28
S000273,SKU_0190,112,2024-09-29
S000274,SKU_0109,103,2024-09-30
S000275,SKU_0154,46,2024-10-01
S000276,SKU_0194,156,2024-10-02
S000277,SKU_0073,68,2024-10-03
S000278,SKU_0040,122,2024-10-04
S000279,SKU_0017,15,2024-10-05
S000280,SKU_0129,165,2024-10-06
S000281,SKU_0061,129,2024-10-07
S000282,SKU_0171,195,2024-10-08
S000283,SKU_0104,111,2024-10-09
S000284,SKU_0042,24,2024-10-10
S000285,SKU_0025,27,2024-10-11
S000286,SKU_0039,40,2024-10-12
S000287,SKU_0035,191,2024-10-13
S000288,SKU_0131,189,2024-10-14
S000289,SKU_0108,164,2024-10-15
S000290,SKU_0172,24,2024-10-16
S000291,SKU_0179,24,2024-10-17
S000292,SKU_0102,4,2024-10-18
S000293,SKU_0098,67,2024-10-19
S000294,SKU_0012,34,2024-10-20
S000295,SKU_0019,185,2024-10-21
S000296,SKU_0101,177,2024-10-22
S000297,SKU_0044,181,2024-10-23
S000298,SKU_0187,116,2024-10-24
S000299,SKU_0049,23,2024-10-25
S000300,SKU_0189,109,2024-10-26
S000301,SKU_0017,69,2024-10-27
S000302,SKU_0074,95,2024-10-28
S000303,SKU_0057,181,2024-10-29
S000304,SKU_0055,62,2024-10-30
S000305,SKU_0047,169,2024-10-31
S000306,SKU_0012,57,2024-11-01
S000307,SKU_0062,188,2024-11-02
S000308,SKU_0080,54,2024-11-03
S000309,SKU_0083,70,2024-11-04
S000310,SKU_0008,101,2024-11-05
S000311,SKU_0149,57,2024-11-06
S000312,SKU_0081,138,2024-11-07
S000313,SKU_0118,168,2024-11-08
S000314,SKU_0198,135,2024-11-09
S000315,SKU_0200,103,2024-11-10
S000316,SKU_0025,166,2024-11-11
S000317,SKU_0089,85,2024-11-12
S000318,SKU_0012,61,2024-11-13
S000319,SKU_0143,3,2024-11-14
S000320,SKU_0059,128,2024-11-15
S000321,SKU_0154,179,2024-11-16
S000322,SKU_0109,86,2024-11-17
S000323,SKU_0026,47,2024-11-18
S000324,SKU_0047,196,2024-11-19
S000325,SKU_0032,76,2024-11-20
S000326,SKU_0010,38,2024-11-21
S000327,SKU_0016,164,2024-11-22
S000328,SKU_0199,169,2024-11-23
S000329,SKU_0145,197,2024-11-24
S000330,SKU_0151,141,2024-11-25
S000331,SKU_0026,87,2024-11-26
S000332,SKU_0086,58,2024-11-27
S000333,SKU_0135,50,2024-11-28
S000334,SKU_0014,30,2024-11-29
S000335,SKU_0079,190,2024-11-30
S000336,SKU_0117,101,2024-12-01
S000337,SKU_0007,25,2024-12-02
S000338,SKU_0137,112,2024-12-03
S000339,SKU_0115,155,2024-12-04
S000340,SKU_0176,179,2024-12-05
S000341,SKU_0072,185,2024-12-06
S000342,SKU_0059,126,2024-12-07
S000343,SKU_0082,123,2024-12-08
S000344,SKU_0116,47,2024-12-09
S000345,SKU_0167,118,2024-12-10
S000346,SKU_0146,39,2024-12-11
S000347,SKU_0187,16,2024-12-12
S000348,SKU_0103,22,2024-12-13
S000349,SKU_0017,54,2024-12-14
S000350,SKU_0014,149,2024-12-15
S000351,SKU_0159,16,2024-12-16
S000352,SKU_0152,59,2024-12-17
S000353,SKU_0108,31,2024-12-18
S000354,SKU_0188,170,2024-12-19
S000355,SKU_0045,32,2024-12-20
S000356,SKU_0098,187,2024-12-21
S000357,SKU_0131,162,2024-12-22
S000358,SKU_0037,9,2024-12-23
S000359,SKU_0171,139,2024-12-24
S000360,SKU_0168,10,2024-12-25
S000361,SKU_0183,17,2024-12-26
S000362,SKU_0108,68,2024-12-27
S000363,SKU_0039,48,2024-12-28
S000364,SKU_0015,180,2024-12-29
S000365,SKU_0120,111,2024-12-30
S000366,SKU_0004,153,2024-12-31
S000367,SKU_0093,123,2025-01-01
S000368,SKU_0153,149,2025-01-02
S000369,SKU_0141,101,2025-01-03
S000370,SKU_0161,102,2025-01-04
S000371,SKU_0016,65,2025-01-05
S000372,SKU_0170,191,2025-01-06
S000373,SKU_0108,51,2025-01-07
S000374,SKU_0126,36,2025-01-08
S000375,SKU_0194,81,2025-01-09
S000376,SKU_0055,127,2025-01-10
S000377,SKU_0170,88,2025-01-11
S000378,SKU_0034,194,2025-01-12
S000379,SKU_0158,104,2025-01-13
S000380,SKU_0013,15,2025-01-14
S000381,SKU_0141,96,2025-01-15
S000382,SKU_0018,167,2025-01-16
S000383,SKU_0160,123,2025-01-17
S000384,SKU_0096,198,2025-01-18
S000385,SKU_0123,1,2025-01-19
S000386,SKU_0039,151,2025-01-20
S000387,SKU_0046,122,2025-01-21
S000388,SKU_0029,167,2025-01-22
S000389,SKU_0190,126,2025-01-23
S000390,SKU_0062,57,2025-01-24
S000391,SKU_0185,81,2025-01-25
S000392,SKU_0016,162,2025-01-26
S000393,SKU_0184,169,2025-01-27
S000394,SKU_0121,73,2025-01-28
S000395,SKU_0010,141,2025-01-29
S000396,SKU_0158,70,2025-01-30
S000397,SKU_0153,6,2025-01-31
S000398,SKU_0103,84,2025-02-01
S000399,SKU_0084,52,2025-02-02
S000400,SKU_0133,3,2025-02-03
S000401,SKU_0065,81,2025-02-04
S000402,SKU_0177,63,2025-02-05
S000403,SKU_0003,49,2025-02-06
S000404,SKU_0173,76,2025-02-07
S000405,SKU_0142,112,2025-02-08
S000406,SKU_0120,175,2025-02-09
S000407,SKU_0158,109,2025-02-10
S000408,SKU_0068,183,2025-02-11
S000409,SKU_0146,192,2025-02-12
S000410,SKU_0190,65,2025-02-13
S000411,SKU_0037,81,2025-02-14
S000412,SKU_0153,195,2025-02-15
S000413,SKU_0176,15,2025-02-16
S000414,SKU_0193,100,2025-02-17
S000415,SKU_0181,32,2025-02-18
S000416,SKU_0073,96,2025-02-19
S000417,SKU_0143,128,2025-02-20
S000418,SKU_0049,196,2025-02-21
S000419,SKU_0121,146,2025-02-22
S000420,SKU_0088,113,2025-02-23
S000421,SKU_0196,83,2025-02-24
S000422,SKU_0140,43,2025-02-25
S000423,SKU_0187,116,2025-02-26
S000424,SKU_0037,163,2025-02-27
S000425,SKU_0061,78,2025-02-28
S000426,SKU_0171,58,2025-03-01
S000427,SKU_0124,33,2025-03-02
S000428,SKU_0198,14,2025-03-03
S000429,SKU_0039,162,2025-03-04
S000430,SKU_0184,189,2025-03-05
S000431,SKU_0063,132,2025-03-06
S000432,SKU_0046,59,2025-03-07
S000433,SKU_0088,157,2025-03-08
S000434,SKU_0011,83,2025-03-09
S000435,SKU_0062,134,2025-03-10
S000436,SKU_0077,121,2025-03-11
S000437,SKU_0153,177,2025-03-12
S000438,SKU_0199,168,2025-03-13
S000439,SKU_0052,83,2025-03-14
S000440,SKU_0004,193,2025-03-15
S000441,SKU_0059,197,2025-03-16
S000442,SKU_0072,27,2025-03-17
S000443,SKU_0148,80,2025-03-18
S000444,SKU_0093,134,2025-03-19
S000445,SKU_0063,13,2025-03-20
S000446,SKU_0054,64,2025-03-21
S000447,SKU_0117,190,2025-03-22
S000448,SKU_0110,147,2025-03-23
S000449,SKU_0074,80,2025-03-24
S000450,SKU_0107,123,2025-03-25
S000451,SKU_0057,43,2025-03-26
S000452,SKU_0169,89,2025-03-27
S000453,SKU_0003,148,2025-03-28
S000454,SKU_0120,95,2025-03-29
S000455,SKU_0006,196,2025-03-30
S000456,SKU_0005,172,2025-03-31
S000457,SKU_0005,151,2025-04-01
S000458,SKU_0054,2,2025-04-02
S000459,SKU_0047,120,2025-04-03
S000460,SKU_0177,22,2025-04-04
S000461,SKU_0009,115,2025-04-05
S000462,SKU_0099,57,2025-04-06
S000463,SKU_0020,72,2025-04-07
S000464,SKU_0122,7,2025-04-08
S000465,SKU_0061,184,2025-04-09
S000466,SKU_0123,119,2025-04-10
S000467,SKU_0163,195,2025-04-11
S000468,SKU_0178,114,2025-04-12
S000469,SKU_0082,16,2025-04-13
S000470,SKU_0062,83,2025-04-14
S000471,SKU_0145,179,2025-04-15
S000472,SKU_0003,72,2025-04-16
S000473,SKU_0160,124,2025-04-17
S000474,SKU_0013,113,2025-04-18
S000475,SKU_0120,12,2025-04-19
S000476,SKU_0125,126,2025-04-20
S000477,SKU_0089,53,2025-04-21
S000478,SKU_0073,75,2025-04-22
S000479,SKU_0068,133,2025-04-23
S000480,SKU_0142,27,2025-04-24
S000481,SKU_0101,140,2025-04-25
S000482,SKU_0098,145,2025-04-26
S000483,SKU_0011,134,2025-04-27
S000484,SKU_0105,97,2025-04-28
S000485,SKU_0184,5,2025-04-29
S000486,SKU_0067,57,2025-04-30
S000487,SKU_0123,156,2025-05-01
S000488,SKU_0029,78,2025-05-02
S000489,SKU_0137,69,2025-05-03
S000490,SKU_0195,118,2025-05-04
S000491,SKU_0153,120,2025-05-05
S000492,SKU_0076,59,2025-05-06
S000493,SKU_0170,33,2025-05-07
S000494,SKU_0009,62,2025-05-08
S000495,SKU_0040,50,2025-05-09
S000496,SKU_0025,112,2025-05-10
S000497,SKU_0005,19,2025-05-11
S000498,SKU_0139,197,2025-05-12
S000499,SKU_0187,123,2025-05-13
S000500,SKU_0124,194,2025-05-14
S000501,SKU_0038,47,2025-05-15
S000502,SKU_0072,167,2025-05-16
S000503,SKU_0133,196,2025-05-17
S000504,SKU_0176,33,2025-05-18
S000505,SKU_0090,141,2025-05-19
S000506,SKU_0146,84,2025-05-20
S000507,SKU_0198,182,2025-05-21
S000508,SKU_0037,135,2025-05-22
S000509,SKU_0060,79,2025-05-23
S000510,SKU_0176,14,2025-05-24
S000511,SKU_0028,147,2025-05-25
S000512,SKU_0197,128,2025-05-26
S000513,SKU_0081,54,2025-05-27
S000514,SKU_0114,148,2025-05-28
S000515,SKU_0040,29,2025-05-29
S000516,SKU_0045,24,2025-05-30
S000517,SKU_0062,82,2025-05-31
S000518,SKU_0093,63,2025-06-01
S000519,SKU_0115,105,2025-06-02
S000520,SKU_0186,57,2025-06-03
S000521,SKU_0067,136,2025-06-04
S000522,SKU_0056,62,2025-06-05
S000523,SKU_0040,157,2025-06-06
S000524,SKU_0098,17,2025-06-07
S000525,SKU_0040,66,2025-06-08
S000526,SKU_0091,6,2025-06-09
S000527,SKU_0033,58,2025-06-10
S000528,SKU_0006,69,2025-06-11
S000529,SKU_0147,156,2025-06-12
S000530,SKU_0080,62,2025-06-13
S000531,SKU_0168,169,2025-06-14
S000532,SKU_0092,197,2025-06-15
S000533,SKU_0097,82,2025-06-16
S000534,SKU_0059,169,2025-06-17
S000535,SKU_0059,177,2025-06-18
S000536,SKU_0048,177,2025-06-19
S000537,SKU_0169,71,2025-06-20
S000538,SKU_0013,131,2025-06-21
S000539,SKU_0107,10,2025-06-22
S000540,SKU_0045,98,2025-06-23
S000541,SKU_0089,89,2025-06-24
S000542,SKU_0181,35,2025-06-25
S000543,SKU_0170,2,2025-06-26
S000544,SKU_0100,124,2025-06-27
S000545,SKU_0191,24,2025-06-28
S000546,SKU_0155,74,2025-06-29
S000547,SKU_0166,166,2025-06-30
S000548,SKU_0188,22,2025-07-01
S000549,SKU_0007,154,2025-07-02
S000550,SKU_0133,171,2025-07-03
S000551,SKU_0045,183,2025-07-04
S000552,SKU_0058,39,2025-07-05
S000553,SKU_0031,157,2025-07-06
S000554,SKU_0023,20,2025-07-07
S000555,SKU_0170,41,2025-07-08
S000556,SKU_0138,182,2025-07-09
S000557,SKU_0160,148,2025-07-10
S000558,SKU_0107,108,2025-07-11
S000559,SKU_0181,147,2025-07-12
S000560,SKU_0158,84,2025-07-13
S000561,SKU_0039,111,2025-07-14
S000562,SKU_0159,66,2025-07-15
S000563,SKU_0082,158,2025-07-16
S000564,SKU_0100,53,2025-07-17
S000565,SKU_0002,34,2025-07-18
S000566,SKU_0077,150,2025-07-19
S000567,SKU_0012,67,2025-07-20
S000568,SKU_0039,134,2025-07-21
S000569,SKU_0194,27,2025-07-22
S000570,SKU_0013,10,2025-07-23
S000571,SKU_0046,73,2025-07-24
S000572,SKU_0155,96,2025-07-25
S000573,SKU_0113,48,2025-07-26
S000574,SKU_0017,70,2025-07-27
S000575,SKU_0104,187,2025-07-28
S000576,SKU_0098,100,2025-07-29
S000577,SKU_0188,59,2025-07-30
S000578,SKU_0192,2,2025-07-31
S000579,SKU_0088,157,2025-08-01
S000580,SKU_0109,196,2025-08-02
S000581,SKU_0163,65,2025-08-03
S000582,SKU_0070,83,2025-08-04
S000583,SKU_0158,154,2025-08-05
S000584,SKU_0199,10,2025-08-06
S000585,SKU_0074,53,2025-08-07
S000586,SKU_0063,79,2025-08-08
S000587,SKU_0156,59,2025-08-09
S000588,SKU_0060,150,2025-08-10
S000589,SKU_0079,179,2025-08-11
S000590,SKU_0037,48,2025-08-12
S000591,SKU_0022,149,2025-08-13
S000592,SKU_0196,123,2025-08-14
S000593,SKU_0148,22,2025-08-15
S000594,SKU_0096,100,2025-08-16
S000595,SKU_0068,98,2025-08-17
S000596,SKU_0192,158,2025-08-18
S000597,SKU_0017,25,2025-08-19
S000598,SKU_0012,28,2025-08-20
S000599,SKU_0150,193,2025-08-21
S000600,SKU_0145,113,2025-08-22
S000601,SKU_0138,45,2025-08-23
S000602,SKU_0118,68,2025-08-24
S000603,SKU_0193,7,2025-08-25
S000604,SKU_0022,49,2025-08-26
S000605,SKU_0120,137,2025-08-27
S000606,SKU_0050,164,2025-08-28
S000607,SKU_0014,83,2025-08-29
S000608,SKU_0192,129,2025-08-30
S000609,SKU_0175,138,2025-08-31
S000610,SKU_0029,164,2025-09-01
S000611,SKU_0164,73,2025-09-02
S000612,SKU_0180,46,2025-09-03
S000613,SKU_0125,106,2025-09-04
S000614,SKU_0007,160,2025-09-05
S000615,SKU_0029,32,2025-09-06
S000616,SKU_0139,6,2025-09-07
S000617,SKU_0033,176,2025-09-08
S000618,SKU_0134,166,2025-09-09
S000619,SKU_0111,145,2025-09-10
S000620,SKU_0079,74,2025-09-11
S000621,SKU_0160,114,2025-09-12
S000622,SKU_0179,27,2025-09-13
S000623,SKU_0058,54,2025-09-14
S000624,SKU_0026,178,2025-09-15
S000625,SKU_0174,163,2025-09-16
S000626,SKU_0029,85,2025-09-17
S000627,SKU_0004,127,2025-09-18
S000628,SKU_0099,153,2025-09-19
S000629,SKU_0141,156,2025-09-20
S000630,SKU_0039,111,2025-09-21
S000631,SKU_0015,15,2025-09-22
S000632,SKU_0119,132,2025-09-23
S000633,SKU_0029,93,2025-09-24
S000634,SKU_0157,123,2025-09-25
S000635,SKU_0075,73,2025-09-26
S000636,SKU_0116,155,2025-09-27
S000637,SKU_0032,154,2025-09-28
S000638,SKU_0130,147,2025-09-29
S000639,SKU_0175,92,2025-09-30
S000640,SKU_0084,17,2025-10-01
S000641,SKU_0022,43,2025-10-02
S000642,SKU_0027,121,2025-10-03
S000643,SKU_0195,41,2025-10-04
S000644,SKU_0081,170,2025-10-05
S000645,SKU_0126,178,2025-10-06
S000646,SKU_0184,168,2025-10-07
S000647,SKU_0092,39,2025-10-08
S000648,SKU_0021,113,2025-10-09
S000649,SKU_0047,151,2025-10-10
S000650,SKU_0101,111,2025-10-11
S000651,SKU_0187,180,2025-10-12
S000652,SKU_0084,47,2025-10-13
S000653,SKU_0006,63,2025-10-14
S000654,SKU_0147,110,2025-10-15
S000655,SKU_0185,69,2025-10-16
S000656,SKU_0197,43,2025-10-17
S000657,SKU_0131,176,2025-10-18
S000658,SKU_0001,34,2025-10-19
S000659,SKU_0058,40,2025-10-20
S000660,SKU_0124,61,2025-10-21
S000661,SKU_0166,178,2025-10-22
S000662,SKU_0015,195,2025-10-23
S000663,SKU_0162,62,2025-10-24
S000664,SKU_0189,58,2025-10-25
S000665,SKU_0163,161,2025-10-26
S000666,SKU_0064,75,2025-10-27
S000667,SKU_0025,16,2025-10-28
S000668,SKU_0024,82,2025-10-29
S000669,SKU_0012,94,2025-10-30
S000670,SKU_0018,48,2025-10-31
S000671,SKU_0015,138,2025-11-01
S000672,SKU_0027,82,2025-11-02
S000673,SKU_0072,38,2025-11-03
S000674,SKU_0060,127,2025-11-04
S000675,SKU_0174,19,2025-11-05
S000676,SKU_0145,164,2025-11-06
S000677,SKU_0093,187,2025-11-07
S000678,SKU_0053,63,2025-11-08
S000679,SKU_0008,77,2025-11-09
S000680,SKU_0079,174,2025-11-10
S000681,SKU_0027,131,2025-11-11
S000682,SKU_0174,102,2025-11-12
S000683,SKU_0050,65,2025-11-13
S000684,SKU_0199,120,2025-11-14
S000685,SKU_0131,91,2025-11-15
S000686,SKU_0093,8,2025-11-16
S000687,SKU_0192,179,2025-11-17
S000688,SKU_0172,73,2025-11-18
S000689,SKU_0181,134,2025-11-19
S000690,SKU_0024,107,2025-11-20
S000691,SKU_0060,89,2025-11-21
S000692,SKU_0122,39,2025-11-22
S000693,SKU_0131,113,2025-11-23
S000694,SKU_0148,188,2025-11-24
S000695,SKU_0046,28,2025-11-25
S000696,SKU_0015,97,2025-11-26
S000697,SKU_0153,182,2025-11-27
S000698,SKU_0199,37,2025-11-28
S000699,SKU_0017,137,2025-11-29
S000700,SKU_0126,82,2025-11-30
S000701,SKU_0084,56,2025-12-01
S000702,SKU_0009,187,2025-12-02
S000703,SKU_0166,85,2025-12-03
S000704,SKU_0176,2,2025-12-04
S000705,SKU_0188,189,2025-12-05
S000706,SKU_0063,58,2025-12-06
S000707,SKU_0117,107,2025-12-07
S000708,SKU_0130,123,2025-12-08
S000709,SKU_0088,188,2025-12-09
S000710,SKU_0072,168,2025-12-10
S000711,SKU_0139,164,2025-12-11
S000712,SKU_0064,114,2025-12-12
S000713,SKU_0072,107,2025-12-13
S000714,SKU_0021,37,2025-12-14
S000715,SKU_0018,79,2025-12-15
S000716,SKU_0064,92,2025-12-16
S000717,SKU_0082,18,2025-12-17
S000718,SKU_0110,98,2025-12-18
S000719,SKU_0095,63,2025-12-19
S000720,SKU_0166,150,2025-12-20
S000721,SKU_0032,139,2025-12-21
S000722,SKU_0011,186,2025-12-22
S000723,SKU_0045,185,2025-12-23
S000724,SKU_0033,4,2025-12-24
S000725,SKU_0102,135,2025-12-25
S000726,SKU_0169,61,2025-12-26
S000727,SKU_0136,107,2025-12-27
S000728,SKU_0011,54,2025-12-28
S000729,SKU_0179,88,2025-12-29
S000730,SKU_0088,68,2025-12-30
S000731,SKU_0041,129,2025-12-31
S000732,SKU_0145,55,2026-01-01
S000733,SKU_0076,3,2026-01-02
S000734,SKU_0121,166,2026-01-03
S000735,SKU_0046,121,2026-01-04
S000736,SKU_0160,129,2026-01-05
S000737,SKU_0080,102,2026-01-06
S000738,SKU_0054,38,2026-01-07
S000739,SKU_0086,85,2026-01-08
S000740,SKU_0092,157,2026-01-09
S000741,SKU_0148,133,2026-01-10
S000742,SKU_0161,92,2026-01-11
S000743,SKU_0168,21,2026-01-12
S000744,SKU_0160,199,2026-01-13
S000745,SKU_0097,195,2026-01-14
S000746,SKU_0002,109,2026-01-15
S000747,SKU_0033,47,2026-01-16
S000748,SKU_0158,84,2026-01-17
S000749,SKU_0161,83,2026-01-18
S000750,SKU_0077,35,2026-01-19
S000751,SKU_0116,196,2026-01-20
S000752,SKU_0154,69,2026-01-21
S000753,SKU_0150,129,2026-01-22
S000754,SKU_0103,196,2026-01-23
S000755,SKU_0194,140,2026-01-24
S000756,SKU_0166,188,2026-01-25
S000757,SKU_0103,27,2026-01-26
S000758,SKU_0090,56,2026-01-27
S000759,SKU_0174,23,2026-01-28
S000760,SKU_0122,153,2026-01-29
S000761,SKU_0143,21,2026-01-30
S000762,SKU_0106,61,2026-01-31
S000763,SKU_0119,63,2026-02-01
S000764,SKU_0172,122,2026-02-02
S000765,SKU_0049,52,2026-02-03
S000766,SKU_0104,88,2026-02-04
S000767,SKU_0061,153,2026-02-05
S000768,SKU_0195,55,2026-02-06
S000769,SKU_0123,46,2026-02-07
S000770,SKU_0134,32,2026-02-08
S000771,SKU_0009,55,2026-02-09
S000772,SKU_0006,96,2026-02-10
S000773,SKU_0073,133,2026-02-11
S000774,SKU_0103,36,2026-02-12
S000775,SKU_0160,110,2026-02-13
S000776,SKU_0041,177,2026-02-14
S000777,SKU_0114,106,2026-02-15
S000778,SKU_0008,58,2026-02-16
S000779,SKU_0072,39,2026-02-17
S000780,SKU_0178,80,2026-02-18
S000781,SKU_0092,97,2026-02-19
S000782,SKU_0062,113,2026-02-20
S000783,SKU_0084,61,2026-02-21
S000784,SKU_0062,137,2026-02-22
S000785,SKU_0111,6,2026-02-23
S000786,SKU_0127,109,2026-02-24
S000787,SKU_0007,35,2026-02-25
S000788,SKU_0084,39,2026-02-26
S000789,SKU_0132,150,2026-02-27
S000790,SKU_0134,169,2026-02-28
S000791,SKU_0058,118,2026-03-01
S000792,SKU_0022,5,2026-03-02
S000793,SKU_0154,170,2026-03-03
S000794,SKU_0127,87,2026-03-04
S000795,SKU_0003,76,2026-03-05
S000796,SKU_0127,195,2026-03-06
S000797,SKU_0041,158,2026-03-07
S000798,SKU_0188,57,2026-03-08
S000799,SKU_0106,127,2026-03-09
S000800,SKU_0014,29,2026-03-10
S000801,SKU_0012,165,2026-03-11
S000802,SKU_0087,87,2026-03-12
S000803,SKU_0012,141,2026-03-13
S000804,SKU_0141,160,2026-03-14
S000805,SKU_0025,46,2026-03-15
S000806,SKU_0045,116,2026-03-16
S000807,SKU_0122,112,2026-03-17
S000808,SKU_0147,151,2026-03-18
S000809,SKU_0055,45,2026-03-19
S000810,SKU_0100,145,2026-03-20
S000811,SKU_0173,104,2026-03-21
S000812,SKU_0136,85,2026-03-22
S000813,SKU_0119,194,2026-03-23
S000814,SKU_0053,134,2026-03-24
S000815,SKU_0183,108,2026-03-25
S000816,SKU_0032,18,2026-03-26
S000817,SKU_0051,94,2026-03-27
S000818,SKU_0044,150,2026-03-28
S000819,SKU_0082,33,2026-03-29
S000820,SKU_0198,158,2026-03-30
S000821,SKU_0146,126,2026-03-31
S000822,SKU_0150,160,2026-04-01
S000823,SKU_0037,170,2026-04-02
S000824,SKU_0096,122,2026-04-03
S000825,SKU_0056,138,2026-04-04
S000826,SKU_0105,115,2026-04-05
S000827,SKU_0059,164,2026-04-06
S000828,SKU_0131,162,2026-04-07
S000829,SKU_0156,28,2026-04-08
S000830,SKU_0035,11,2026-04-09
S000831,SKU_0189,167,2026-04-10
S000832,SKU_0093,47,2026-04-11
S000833,SKU_0182,127,2026-04-12
S000834,SKU_0191,147,2026-04-13
S000835,SKU_0097,118,2026-04-14
S000836,SKU_0135,143,2026-04-15
S000837,SKU_0076,126,2026-04-16
S000838,SKU_0049,156,2026-04-17
S000839,SKU_0094,152,2026-04-18
S000840,SKU_0159,72,2026-04-19
S000841,SKU_0186,107,2026-04-20
S000842,SKU_0189,137,2026-04-21
S000843,SKU_0024,175,2026-04-22
S000844,SKU_0148,33,2026-04-23
S000845,SKU_0037,190,2026-04-24
S000846,SKU_0004,19,2026-04-25
S000847,SKU_0108,195,2026-04-26
S000848,SKU_0126,74,2026-04-27
S000849,SKU_0020,168,2026-04-28
S000850,SKU_0188,175,2026-04-29
S000851,SKU_0152,193,2026-04-30
S000852,SKU_0050,157,2026-05-01
S000853,SKU_0177,178,2026-05-02
S000854,SKU_0179,98,2026-05-03
S000855,SKU_0096,141,2026-05-04
S000856,SKU_0105,129,2026-05-05
S000857,SKU_0164,162,2026-05-06
S000858,SKU_0117,93,2026-05-07
S000859,SKU_0098,176,2026-05-08
S000860,SKU_0066,48,2026-05-09
S000861,SKU_0079,177,2026-05-10
S000862,SKU_0162,64,2026-05-11
S000863,SKU_0164,61,2026-05-12
S000864,SKU_0006,157,2026-05-13
S000865,SKU_0039,39,2026-05-14
S000866,SKU_0170,128,2026-05-15
S000867,SKU_0115,88,2026-05-16
S000868,SKU_0186,26,2026-05-17
S000869,SKU_0125,17,2026-05-18
S000870,SKU_0012,71,2026-05-19
S000871,SKU_0131,13,2026-05-20
S000872,SKU_0018,69,2026-05-21
S000873,SKU_0040,26,2026-05-22
S000874,SKU_0021,49,2026-05-23
S000875,SKU_0143,195,2026-05-24
S000876,SKU_0099,7,2026-05-25
S000877,SKU_0026,58,2026-05-26
S000878,SKU_0008,49,2026-05-27
S000879,SKU_0100,103,2026-05-28
S000880,SKU_0087,53,2026-05-29
S000881,SKU_0042,193,2026-05-30
S000882,SKU_0172,62,2026-05-31
S000883,SKU_0014,17,2026-06-01
S000884,SKU_0078,171,2026-06-02
S000885,SKU_0002,25,2026-06-03
S000886,SKU_0119,131,2026-06-04
S000887,SKU_0037,29,2026-06-05
S000888,SKU_0069,117,2026-06-06
S000889,SKU_0166,160,2026-06-07
S000890,SKU_0041,26,2026-06-08
S000891,SKU_0062,124,2026-06-09
S000892,SKU_0060,144,2026-06-10
S000893,SKU_0125,25,2026-06-11
S000894,SKU_0111,54,2026-06-12
S000895,SKU_0014,156,2026-06-13
S000896,SKU_0084,73,2026-06-14
S000897,SKU_0130,120,2026-06-15
S000898,SKU_0070,56,2026-06-16
S000899,SKU_0145,65,2026-06-17
S000900,SKU_0123,93,2026-06-18
S000901,SKU_0089,86,2026-06-19
S000902,SKU_0028,80,2026-06-20
S000903,SKU_0066,169,2026-06-21
S000904,SKU_0163,108,2026-06-22
S000905,SKU_0005,179,2026-06-23
S000906,SKU_0193,118,2026-06-24
S000907,SKU_0168,199,2026-06-25
S000908,SKU_0184,157,2026-06-26
S000909,SKU_0164,83,2026-06-27
S000910,SKU_0045,147,2026-06-28
S000911,SKU_0151,194,2026-06-29
S000912,SKU_0047,169,2026-06-30
S000913,SKU_0031,173,2026-07-01
S000914,SKU_0139,15,2026-07-02
S000915,SKU_0010,131,2026-07-03
S000916,SKU_0195,139,2026-07-04
S000917,SKU_0118,181,2026-07-05
S000918,SKU_0014,174,2026-07-06
S000919,SKU_0080,30,2026-07-07
S000920,SKU_0093,57,2026-07-08
S000921,SKU_0010,146,2026-07-09
S000922,SKU_0076,179,2026-07-10
S000923,SKU_0094,128,2026-07-11
S000924,SKU_0105,48,2026-07-12
S000925,SKU_0001,194,2026-07-13
S000926,SKU_0133,136,2026-07-14
S000927,SKU_0020,22,2026-07-15
S000928,SKU_0008,6,2026-07-16
S000929,SKU_0171,185,2026-07-17
S000930,SKU_0001,104,2026-07-18
S000931,SKU_0057,36,2026-07-19
S000932,SKU_0064,79,2026-07-20
S000933,SKU_0118,116,2026-07-21
S000934,SKU_0028,57,2026-07-22
S000935,SKU_0121,49,2026-07-23
S000936,SKU_0107,173,2026-07-24
S000937,SKU_0165,82,2026-07-25
S000938,SKU_0175,66,2026-07-26
S000939,SKU_0165,77,2026-07-27
S000940,SKU_0049,45,2026-07-28
S000941,SKU_0120,79,2026-07-29
S000942,SKU_0044,20,2026-07-30
S000943,SKU_0056,192,2026-07-31
S000944,SKU_0156,123,2026-08-01
S000945,SKU_0111,67,2026-08-02
S000946,SKU_0134,83,2026-08-03
S000947,SKU_0108,3,2026-08-04
S000948,SKU_0189,182,2026-08-05
S000949,SKU_0148,64,2026-08-06
S000950,SKU_0114,40,2026-08-07
S000951,SKU_0078,59,2026-08-08
S000952,SKU_0130,183,2026-08-09
S000953,SKU_0037,62,2026-08-10
S000954,SKU_0020,132,2026-08-11
S000955,SKU_0026,60,2026-08-12
S000956,SKU_0029,116,2026-08-13
S000957,SKU_0001,75,2026-08-14
S000958,SKU_0119,122,2026-08-15
S000959,SKU_0035,107,2026-08-16
S000960,SKU_0198,96,2026-08-17
S000961,SKU_0059,91,2026-08-18
S000962,SKU_0069,158,2026-08-19
S000963,SKU_0161,130,2026-08-20
S000964,SKU_0179,62,2026-08-21
S000965,SKU_0012,49,2026-08-22
S000966,SKU_0020,137,2026-08-23
S000967,SKU_0181,92,2026-08-24
S000968,SKU_0043,159,2026-08-25
S000969,SKU_0126,124,2026-08-26
S000970,SKU_0050,61,2026-08-27
S000971,SKU_0029,48,2026-08-28
S000972,SKU_0185,153,2026-08-29
S000973,SKU_0039,164,2026-08-30
S000974,SKU_0184,136,2026-08-31
S000975,SKU_0171,58,2026-09-01
S000976,SKU_0178,101,2026-09-02
S000977,SKU_0151,112,2026-09-03
S000978,SKU_0172,173,2026-09-04
S000979,SKU_0038,62,2026-09-05
S000980,SKU_0084,39,2026-09-06
S000981,SKU_0151,58,2026-09-07
S000982,SKU_0128,99,2026-09-08
S000983,SKU_0126,192,2026-09-09
S000984,SKU_0045,44,2026-09-10
S000985,SKU_0052,29,2026-09-11
S000986,SKU_0080,59,2026-09-12
S000987,SKU_0178,71,2026-09-13
S000988,SKU_0124,92,2026-09-14
S000989,SKU_0119,9,2026-09-15
S000990,SKU_0008,127,2026-09-16
S000991,SKU_0085,134,2026-09-17
S000992,SKU_0129,157,2026-09-18
S000993,SKU_0008,186,2026-09-19
S000994,SKU_0157,145,2026-09-20
S000995,SKU_0096,144,2026-09-21
S000996,SKU_0102,131,2026-09-22
S000997,SKU_0005,21,2026-09-23
S000998,SKU_0086,64,2026-09-24
S000999,SKU_0175,90,2026-09-25
S001000,SKU_0034,36,2026-09-26
S001001,SKU_0193,62,2026-09-27
S001002,SKU_0055,170,2026-09-28
S001003,SKU_0119,76,2026-09-29
S001004,SKU_0171,170,2026-09-30
S001005,SKU_0158,189,2026-10-01
S001006,SKU_0114,13,2026-10-02
S001007,SKU_0145,11,2026-10-03
S001008,SKU_0026,54,2026-10-04
S001009,SKU_0136,16,2026-10-05
S001010,SKU_0047,8,2026-10-06
S001011,SKU_0113,104,2026-10-07
S001012,SKU_0076,59,2026-10-08
S001013,SKU_0072,57,2026-10-09
S001014,SKU_0089,40,2026-10-10
S001015,SKU_0046,187,2026-10-11
S001016,SKU_0196,130,2026-10-12
S001017,SKU_0033,94,2026-10-13
S001018,SKU_0001,138,2026-10-14
S001019,SKU_0147,44,2026-10-15
S001020,SKU_0031,139,2026-10-16
S001021,SKU_0142,80,2026-10-17
S001022,SKU_0053,81,2026-10-18
S001023,SKU_0048,2,2026-10-19
S001024,SKU_0069,178,2026-10-20
S001025,SKU_0105,140,2026-10-21
S001026,SKU_0090,115,2026-10-22
S001027,SKU_0190,90,2026-10-23
S001028,SKU_0194,23,2026-10-24
S001029,SKU_0192,146,2026-10-25
S001030,SKU_0198,62,2026-10-26
S001031,SKU_0063,113,2026-10-27
S001032,SKU_0073,128,2026-10-28
S001033,SKU_0161,62,2026-10-29
S001034,SKU_0169,38,2026-10-30
S001035,SKU_0089,195,2026-10-31
S001036,SKU_0176,166,2026-11-01
S001037,SKU_0013,195,2026-11-02
S001038,SKU_0073,61,2026-11-03
S001039,SKU_0077,129,2026-11-04
S001040,SKU_0159,173,2026-11-05
S001041,SKU_0068,156,2026-11-06
S001042,SKU_0098,149,2026-11-07
S001043,SKU_0125,122,2026-11-08
S001044,SKU_0102,110,2026-11-09
S001045,SKU_0132,13,2026-11-10
S001046,SKU_0102,155,2026-11-11
S001047,SKU_0019,100,2026-11-12
S001048,SKU_0198,135,2026-11-13
S001049,SKU_0082,22,2026-11-14
S001050,SKU_0141,74,2026-11-15
S001051,SKU_0023,181,2026-11-16
S001052,SKU_0083,132,2026-11-17
S001053,SKU_0109,23,2026-11-18
S001054,SKU_0075,119,2026-11-19
S001055,SKU_0129,70,2026-11-20
S001056,SKU_0088,84,2026-11-21
S001057,SKU_0054,101,2026-11-22
S001058,SKU_0199,84,2026-11-23
S001059,SKU_0089,161,2026-11-24
S001060,SKU_0143,28,2026-11-25
S001061,SKU_0065,136,2026-11-26
S001062,SKU_0076,1,2026-11-27
S001063,SKU_0199,165,2026-11-28
S001064,SKU_0143,63,2026-11-29
S001065,SKU_0149,22,2026-11-30
S001066,SKU_0147,70,2026-12-01
S001067,SKU_0060,125,2026-12-02
S001068,SKU_0093,149,2026-12-03
S001069,SKU_0161,96,2026-12-04
S001070,SKU_0049,163,2026-12-05
S001071,SKU_0035,79,2026-12-06
S001072,SKU_0172,5,2026-12-07
S001073,SKU_0102,60,2026-12-08
S001074,SKU_0011,120,2026-12-09
S001075,SKU_0099,46,2026-12-10
S001076,SKU_0200,178,2026-12-11
S001077,SKU_0110,176,2026-12-12
S001078,SKU_0074,134,2026-12-13
S001079,SKU_0194,56,2026-12-14
S001080,SKU_0174,110,2026-12-15
S001081,SKU_0009,187,2026-12-16
S001082,SKU_0003,157,2026-12-17
S001083,SKU_0085,199,2026-12-18
S001084,SKU_0026,104,2026-12-19
S001085,SKU_0072,77,2026-12-20
S001086,SKU_0048,146,2026-12-21
S001087,SKU_0194,2,2026-12-22
S001088,SKU_0198,8,2026-12-23
S001089,SKU_0156,75,2026-12-24
S001090,SKU_0117,182,2026-12-25
S001091,SKU_0154,125,2026-12-26
S001092,SKU_0153,38,2026-12-27
S001093,SKU_0012,176,2026-12-28
S001094,SKU_0133,27,2026-12-29
S001095,SKU_0048,20,2026-12-30
S001096,SKU_0037,140,2026-12-31
S001097,SKU_0044,43,2027-01-01
S001098,SKU_0015,189,2027-01-02
S001099,SKU_0043,31,2027-01-03
S001100,SKU_0176,91,2027-01-04
S001101,SKU_0087,61,2027-01-05
S001102,SKU_0070,195,2027-01-06
S001103,SKU_0046,109,2027-01-07
S001104,SKU_0108,91,2027-01-08
S001105,SKU_0123,163,2027-01-09
S001106,SKU_0171,95,2027-01-10
S001107,SKU_0021,143,2027-01-11
S001108,SKU_0151,144,2027-01-12
S001109,SKU_0107,13,2027-01-13
S001110,SKU_0080,113,2027-01-14
S001111,SKU_0047,35,2027-01-15
S001112,SKU_0117,187,2027-01-16
S001113,SKU_0124,149,2027-01-17
S001114,SKU_0143,182,2027-01-18
S001115,SKU_0025,158,2027-01-19
S001116,SKU_0036,48,2027-01-20
S001117,SKU_0051,35,2027-01-21
S001118,SKU_0015,86,2027-01-22
S001119,SKU_0068,166,2027-01-23
S001120,SKU_0021,159,2027-01-24
S001121,SKU_0141,152,2027-01-25
S001122,SKU_0019,114,2027-01-26
S001123,SKU_0034,177,2027-01-27
S001124,SKU_0078,100,2027-01-28
S001125,SKU_0125,160,2027-01-29
S001126,SKU_0196,183,2027-01-30
S001127,SKU_0117,186,2027-01-31
S001128,SKU_0052,99,2027-02-01
S001129,SKU_0027,3,2027-02-02
S001130,SKU_0157,197,2027-02-03
S001131,SKU_0156,85,2027-02-04
S001132,SKU_0035,125,2027-02-05
S001133,SKU_0136,138,2027-02-06
S001134,SKU_0144,83,2027-02-07
S001135,SKU_0106,25,2027-02-08
S001136,SKU_0164,68,2027-02-09
S001137,SKU_0158,61,2027-02-10
S001138,SKU_0146,29,2027-02-11
S001139,SKU_0002,127,2027-02-12
S001140,SKU_0177,19,2027-02-13
S001141,SKU_0077,171,2027-02-14
S001142,SKU_0132,194,2027-02-15
S001143,SKU_0090,74,2027-02-16
S001144,SKU_0089,61,2027-02-17
S001145,SKU_0094,171,2027-02-18
S001146,SKU_0007,153,2027-02-19
S001147,SKU_0095,20,2027-02-20
S001148,SKU_0108,48,2027-02-21
S001149,SKU_0074,87,2027-02-22
S001150,SKU_0039,152,2027-02-23
S001151,SKU_0141,139,2027-02-24
S001152,SKU_0159,110,2027-02-25
S001153,SKU_0071,183,2027-02-26
S001154,SKU_0191,28,2027-02-27
S001155,SKU_0056,197,2027-02-28
S001156,SKU_0170,191,2027-03-01
S001157,SKU_0189,59,2027-03-02
S001158,SKU_0042,133,2027-03-03
S001159,SKU_0184,51,2027-03-04
S001160,SKU_0036,149,2027-03-05
S001161,SKU_0084,12,2027-03-06
S001162,SKU_0196,50,2027-03-07
S001163,SKU_0118,132,2027-03-08
S001164,SKU_0007,113,2027-03-09
S001165,SKU_0054,170,2027-03-10
S001166,SKU_0129,166,2027-03-11
S001167,SKU_0172,153,2027-03-12
S001168,SKU_0120,14,2027-03-13
S001169,SKU_0173,32,2027-03-14
S001170,SKU_0106,139,2027-03-15
S001171,SKU_0047,189,2027-03-16
S001172,SKU_0123,146,2027-03-17
S001173,SKU_0141,155,2027-03-18
S001174,SKU_0119,55,2027-03-19
S001175,SKU_0150,182,2027-03-20
S001176,SKU_0118,120,2027-03-21
S001177,SKU_0021,75,2027-03-22
S001178,SKU_0137,21,2027-03-23
S001179,SKU_0026,172,2027-03-24
S001180,SKU_0009,133,2027-03-25
S001181,SKU_0015,87,2027-03-26
S001182,SKU_0010,169,2027-03-27
S001183,SKU_0122,59,2027-03-28
S001184,SKU_0121,89,2027-03-29
S001185,SKU_0125,182,2027-03-30
S001186,SKU_0170,150,2027-03-31
S001187,SKU_0072,83,2027-04-01
S001188,SKU_0152,65,2027-04-02
S001189,SKU_0049,64,2027-04-03
S001190,SKU_0154,71,2027-04-04
S001191,SKU_0091,4,2027-04-05
S001192,SKU_0037,193,2027-04-06
S001193,SKU_0068,143,2027-04-07
S001194,SKU_0050,104,2027-04-08
S001195,SKU_0152,150,2027-04-09
S001196,SKU_0019,175,2027-04-10
S001197,SKU_0100,93,2027-04-11
S001198,SKU_0060,174,2027-04-12
S001199,SKU_0167,142,2027-04-13
S001200,SKU_0089,178,2027-04-14
S001201,SKU_0146,148,2027-04-15
S001202,SKU_0147,178,2027-04-16
S001203,SKU_0164,112,2027-04-17
S001204,SKU_0183,161,2027-04-18
S001205,SKU_0069,119,2027-04-19
S001206,SKU_0175,59,2027-04-20
S001207,SKU_0049,43,2027-04-21
S001208,SKU_0108,12,2027-04-22
S001209,SKU_0161,40,2027-04-23
S001210,SKU_0119,118,2027-04-24
S001211,SKU_0149,20,2027-04-25
S001212,SKU_0150,166,2027-04-26
S001213,SKU_0176,131,2027-04-27
S001214,SKU_0037,156,2027-04-28
S001215,SKU_0143,184,2027-04-29
S001216,SKU_0163,90,2027-04-30
S001217,SKU_0199,94,2027-05-01
S001218,SKU_0160,13,2027-05-02
S001219,SKU_0011,66,2027-05-03
S001220,SKU_0138,37,2027-05-04
S001221,SKU_0078,177,2027-05-05
S001222,SKU_0077,66,2027-05-06
S001223,SKU_0185,36,2027-05-07
S001224,SKU_0153,182,2027-05-08
S001225,SKU_0002,26,2027-05-09
S001226,SKU_0064,75,2027-05-10
S001227,SKU_0035,108,2027-05-11
S001228,SKU_0007,168,2027-05-12
S001229,SKU_0085,43,2027-05-13
S001230,SKU_0146,150,2027-05-14
S001231,SKU_0067,148,2027-05-15
S001232,SKU_0042,8,2027-05-16
S001233,SKU_0118,29,2027-05-17
S001234,SKU_0125,40,2027-05-18
S001235,SKU_0167,158,2027-05-19
S001236,SKU_0169,128,2027-05-20
S001237,SKU_0024,84,2027-05-21
S001238,SKU_0188,116,2027-05-22
S001239,SKU_0046,183,2027-05-23
S001240,SKU_0019,144,2027-05-24
S001241,SKU_0068,174,2027-05-25
S001242,SKU_0102,62,2027-05-26
S001243,SKU_0042,7,2027-05-27
S001244,SKU_0032,45,2027-05-28
S001245,SKU_0167,187,2027-05-29
S001246,SKU_0109,184,2027-05-30
S001247,SKU_0036,176,2027-05-31
S001248,SKU_0097,155,2027-06-01
S001249,SKU_0164,181,2027-06-02
S001250,SKU_0131,88,2027-06-03
S001251,SKU_0073,73,2027-06-04
S001252,SKU_0136,163,2027-06-05
S001253,SKU_0097,179,2027-06-06
S001254,SKU_0123,37,2027-06-07
S001255,SKU_0070,119,2027-06-08
S001256,SKU_0169,57,2027-06-09
S001257,SKU_0196,8,2027-06-10
S001258,SKU_0013,95,2027-06-11
S001259,SKU_0049,117,2027-06-12
S001260,SKU_0060,110,2027-06-13
S001261,SKU_0130,20,2027-06-14
S001262,SKU_0188,124,2027-06-15
S001263,SKU_0005,53,2027-06-16
S001264,SKU_0172,119,2027-06-17
S001265,SKU_0027,12,2027-06-18
S001266,SKU_0160,177,2027-06-19
S001267,SKU_0149,17,2027-06-20
S001268,SKU_0008,64,2027-06-21
S001269,SKU_0200,42,2027-06-22
S001270,SKU_0050,94,2027-06-23
S001271,SKU_0067,157,2027-06-24
S001272,SKU_0044,147,2027-06-25
S001273,SKU_0125,11,2027-06-26
S001274,SKU_0058,98,2027-06-27
S001275,SKU_0003,178,2027-06-28
S001276,SKU_0086,71,2027-06-29
S001277,SKU_0070,108,2027-06-30
S001278,SKU_0130,58,2027-07-01
S001279,SKU_0172,34,2027-07-02
S001280,SKU_0002,20,2027-07-03
S001281,SKU_0102,50,2027-07-04
S001282,SKU_0035,102,2027-07-05
S001283,SKU_0098,138,2027-07-06
S001284,SKU_0030,160,2027-07-07
S001285,SKU_0116,52,2027-07-08
S001286,SKU_0008,15,2027-07-09
S001287,SKU_0150,84,2027-07-10
S001288,SKU_0044,131,2027-07-11
S001289,SKU_0186,37,2027-07-12
S001290,SKU_0036,126,2027-07-13
S001291,SKU_0197,40,2027-07-14
S001292,SKU_0077,72,2027-07-15
S001293,SKU_0031,40,2027-07-16
S001294,SKU_0047,56,2027-07-17
S001295,SKU_0055,151,2027-07-18
S001296,SKU_0106,104,2027-07-19
S001297,SKU_0190,139,2027-07-20
S001298,SKU_0158,110,2027-07-21
S001299,SKU_0121,192,2027-07-22
S001300,SKU_0055,136,2027-07-23
S001301,SKU_0144,93,2027-07-24
S001302,SKU_0012,94,2027-07-25
S001303,SKU_0145,56,2027-07-26
S001304,SKU_0144,60,2027-07-27
S001305,SKU_0140,138,2027-07-28
S001306,SKU_0136,39,2027-07-29
S001307,SKU_0003,28,2027-07-30
S001308,SKU_0144,49,2027-07-31
S001309,SKU_0030,164,2027-08-01
S001310,SKU_0023,125,2027-08-02
S001311,SKU_0092,13,2027-08-03
S001312,SKU_0115,36,2027-08-04
S001313,SKU_0104,101,2027-08-05
S001314,SKU_0118,26,2027-08-06
S001315,SKU_0005,86,2027-08-07
S001316,SKU_0104,4,2027-08-08
S001317,SKU_0108,82,2027-08-09
S001318,SKU_0065,192,2027-08-10
S001319,SKU_0121,166,2027-08-11
S001320,SKU_0030,127,2027-08-12
S001321,SKU_0149,88,2027-08-13
S001322,SKU_0084,127,2027-08-14
S001323,SKU_0198,120,2027-08-15
S001324,SKU_0150,22,2027-08-16
S001325,SKU_0200,130,2027-08-17
S001326,SKU_0032,31,2027-08-18
S001327,SKU_0161,119,2027-08-19
S001328,SKU_0016,11,2027-08-20
S001329,SKU_0038,46,2027-08-21
S001330,SKU_0142,96,2027-08-22
S001331,SKU_0036,190,2027-08-23
S001332,SKU_0151,197,2027-08-24
S001333,SKU_0114,192,2027-08-25
S001334,SKU_0066,10,2027-08-26
S001335,SKU_0105,168,2027-08-27
S001336,SKU_0085,128,2027-08-28
S001337,SKU_0002,152,2027-08-29
S001338,SKU_0193,99,2027-08-30
S001339,SKU_0075,172,2027-08-31
S001340,SKU_0067,112,2027-09-01
S001341,SKU_0180,60,2027-09-02
S001342,SKU_0190,190,2027-09-03
S001343,SKU_0151,87,2027-09-04
S001344,SKU_0154,145,2027-09-05
S001345,SKU_0196,65,2027-09-06
S001346,SKU_0055,57,2027-09-07
S001347,SKU_0006,183,2027-09-08
S001348,SKU_0163,106,2027-09-09
S001349,SKU_0150,181,2027-09-10
S001350,SKU_0171,184,2027-09-11
S001351,SKU_0143,9,2027-09-12
S001352,SKU_0086,22,2027-09-13
S001353,SKU_0060,141,2027-09-14
S001354,SKU_0101,89,2027-09-15
S001355,SKU_0012,176,2027-09-16
S001356,SKU_0049,18,2027-09-17
S001357,SKU_0042,115,2027-09-18
S001358,SKU_0166,168,2027-09-19
S001359,SKU_0082,145,2027-09-20
S001360,SKU_0173,143,2027-09-21
S001361,SKU_0035,106,2027-09-22
S001362,SKU_0158,15,2027-09-23
S001363,SKU_0158,63,2027-09-24
S001364,SKU_0134,167,2027-09-25
S001365,SKU_0067,13,2027-09-26
S001366,SKU_0080,81,2027-09-27
S001367,SKU_0007,32,2027-09-28
S001368,SKU_0180,137,2027-09-29
S001369,SKU_0014,40,2027-09-30
S001370,SKU_0073,148,2027-10-01
S001371,SKU_0143,82,2027-10-02
S001372,SKU_0149,77,2027-10-03
S001373,SKU_0163,191,2027-10-04
S001374,SKU_0066,76,2027-10-05
S001375,SKU_0091,172,2027-10-06
S001376,SKU_0130,38,2027-10-07
S001377,SKU_0163,188,2027-10-08
S001378,SKU_0020,71,2027-10-09
S001379,SKU_0010,48,2027-10-10
S001380,SKU_0025,18,2027-10-11
S001381,SKU_0194,144,2027-10-12
S001382,SKU_0025,183,2027-10-13
S001383,SKU_0054,39,2027-10-14
S001384,SKU_0033,196,2027-10-15
S001385,SKU_0164,187,2027-10-16
S001386,SKU_0095,89,2027-10-17
S001387,SKU_0014,62,2027-10-18
S001388,SKU_0065,141,2027-10-19
S001389,SKU_0110,109,2027-10-20
S001390,SKU_0080,81,2027-10-21
S001391,SKU_0054,134,2027-10-22
S001392,SKU_0125,77,2027-10-23
S001393,SKU_0180,188,2027-10-24
S001394,SKU_0131,90,2027-10-25
S001395,SKU_0169,14,2027-10-26
S001396,SKU_0134,95,2027-10-27
S001397,SKU_0025,54,2027-10-28
S001398,SKU_0141,132,2027-10-29
S001399,SKU_0117,39,2027-10-30
S001400,SKU_0136,72,2027-10-31
S001401,SKU_0149,25,2027-11-01
S001402,SKU_0196,77,2027-11-02
S001403,SKU_0025,160,2027-11-03
S001404,SKU_0079,187,2027-11-04
S001405,SKU_0068,191,2027-11-05
S001406,SKU_0173,166,2027-11-06
S001407,SKU_0188,120,2027-11-07
S001408,SKU_0012,53,2027-11-08
S001409,SKU_0032,195,2027-11-09
S001410,SKU_0128,156,2027-11-10
S001411,SKU_0096,131,2027-11-11
S001412,SKU_0092,150,2027-11-12
S001413,SKU_0141,96,2027-11-13
S001414,SKU_0031,166,2027-11-14
S001415,SKU_0078,72,2027-11-15
S001416,SKU_0020,62,2027-11-16
S001417,SKU_0146,185,2027-11-17
S001418,SKU_0060,6,2027-11-18
S001419,SKU_0191,32,2027-11-19
S001420,SKU_0134,99,2027-11-20
S001421,SKU_0160,138,2027-11-21
S001422,SKU_0093,131,2027-11-22
S001423,SKU_0043,187,2027-11-23
S001424,SKU_0130,76,2027-11-24
S001425,SKU_0060,177,2027-11-25
S001426,SKU_0151,59,2027-11-26
S001427,SKU_0031,31,2027-11-27
S001428,SKU_0005,93,2027-11-28
S001429,SKU_0162,69,2027-11-29
S001430,SKU_0010,190,2027-11-30
S001431,SKU_0089,52,2027-12-01
S001432,SKU_0130,89,2027-12-02
S001433,SKU_0126,127,2027-12-03
S001434,SKU_0011,169,2027-12-04
S001435,SKU_0178,31,2027-12-05
S001436,SKU_0159,84,2027-12-06
S001437,SKU_0056,127,2027-12-07
S001438,SKU_0083,150,2027-12-08
S001439,SKU_0137,132,2027-12-09
S001440,SKU_0099,13,2027-12-10
S001441,SKU_0149,45,2027-12-11
S001442,SKU_0073,127,2027-12-12
S001443,SKU_0156,170,2027-12-13
S001444,SKU_0190,114,2027-12-14
S001445,SKU_0115,177,2027-12-15
S001446,SKU_0007,20,2027-12-16
S001447,SKU_0080,81,2027-12-17
S001448,SKU_0144,182,2027-12-18
S001449,SKU_0097,164,2027-12-19
S001450,SKU_0004,129,2027-12-20
S001451,SKU_0004,143,2027-12-21
S001452,SKU_0103,17,2027-12-22
S001453,SKU_0040,152,2027-12-23
S001454,SKU_0017,58,2027-12-24
S001455,SKU_0101,72,2027-12-25
S001456,SKU_0103,109,2027-12-26
S001457,SKU_0124,23,2027-12-27
S001458,SKU_0052,174,2027-12-28
S001459,SKU_0052,72,2027-12-29
S001460,SKU_0164,8,2027-12-30
S001461,SKU_0124,59,2027-12-31
S001462,SKU_0166,111,2028-01-01
S001463,SKU_0178,187,2028-01-02
S001464,SKU_0063,13,2028-01-03
S001465,SKU_0116,167,2028-01-04
S001466,SKU_0191,156,2028-01-05
S001467,SKU_0062,189,2028-01-06
S001468,SKU_0007,16,2028-01-07
S001469,SKU_0155,119,2028-01-08
S001470,SKU_0092,2,2028-01-09
S001471,SKU_0014,145,2028-01-10
S001472,SKU_0199,30,2028-01-11
S001473,SKU_0086,103,2028-01-12
S001474,SKU_0133,13,2028-01-13
S001475,SKU_0183,96,2028-01-14
S001476,SKU_0130,94,2028-01-15
S001477,SKU_0062,82,2028-01-16
S001478,SKU_0149,13,2028-01-17
S001479,SKU_0079,171,2028-01-18
S001480,SKU_0149,94,2028-01-19
S001481,SKU_0138,149,2028-01-20
S001482,SKU_0058,112,2028-01-21
S001483,SKU_0120,55,2028-01-22
S001484,SKU_0167,81,2028-01-23
S001485,SKU_0133,168,2028-01-24
S001486,SKU_0065,116,2028-01-25
S001487,SKU_0013,143,2028-01-26
S001488,SKU_0181,180,2028-01-27
S001489,SKU_0082,108,2028-01-28
S001490,SKU_0173,53,2028-01-29
S001491,SKU_0160,128,2028-01-30
S001492,SKU_0164,180,2028-01-31
S001493,SKU_0188,158,2028-02-01
S001494,SKU_0139,161,2028-02-02
S001495,SKU_0191,57,2028-02-03
S001496,SKU_0149,52,2028-02-04
S001497,SKU_0052,137,2028-02-05
S001498,SKU_0183,182,2028-02-06
S001499,SKU_0117,111,2028-02-07
S001500,SKU_0026,1,2028-02-08
S001501,SKU_0196,44,2028-02-09
S001502,SKU_0034,75,2028-02-10
S001503,SKU_0052,98,2028-02-11
S001504,SKU_0112,9,2028-02-12
S001505,SKU_0082,32,2028-02-13
S001506,SKU_0180,15,2028-02-14
S001507,SKU_0157,140,2028-02-15
S001508,SKU_0166,185,2028-02-16
S001509,SKU_0042,136,2028-02-17
S001510,SKU_0021,72,2028-02-18
S001511,SKU_0042,155,2028-02-19
S001512,SKU_0141,190,2028-02-20
S001513,SKU_0113,12,2028-02-21
S001514,SKU_0105,65,2028-02-22
S001515,SKU_0192,107,2028-02-23
S001516,SKU_0017,42,2028-02-24
S001517,SKU_0120,190,2028-02-25
S001518,SKU_0137,115,2028-02-26
S001519,SKU_0169,139,2028-02-27
S001520,SKU_0129,103,2028-02-28
S001521,SKU_0130,171,2028-02-29
S001522,SKU_0060,95,2028-03-01
S001523,SKU_0048,17,2028-03-02
S001524,SKU_0029,160,2028-03-03
S001525,SKU_0097,85,2028-03-04
S001526,SKU_0010,168,2028-03-05
S001527,SKU_0058,151,2028-03-06
S001528,SKU_0188,56,2028-03-07
S001529,SKU_0021,134,2028-03-08
S001530,SKU_0028,86,2028-03-09
S001531,SKU_0034,178,2028-03-10
S001532,SKU_0008,102,2028-03-11
S001533,SKU_0187,165,2028-03-12
S001534,SKU_0200,192,2028-03-13
S001535,SKU_0177,54,2028-03-14
S001536,SKU_0079,177,2028-03-15
S001537,SKU_0145,115,2028-03-16
S001538,SKU_0188,139,2028-03-17
S001539,SKU_0087,88,2028-03-18
S001540,SKU_0088,49,2028-03-19
S001541,SKU_0173,149,2028-03-20
S001542,SKU_0069,115,2028-03-21
S001543,SKU_0160,194,2028-03-22
S001544,SKU_0172,63,2028-03-23
S001545,SKU_0193,104,2028-03-24
S001546,SKU_0087,83,2028-03-25
S001547,SKU_0101,103,2028-03-26
S001548,SKU_0008,156,2028-03-27
S001549,SKU_0077,17,2028-03-28
S001550,SKU_0200,6,2028-03-29
S001551,SKU_0087,147,2028-03-30
S001552,SKU_0043,184,2028-03-31
S001553,SKU_0129,28,2028-04-01
S001554,SKU_0109,194,2028-04-02
S001555,SKU_0179,38,2028-04-03
S001556,SKU_0152,119,2028-04-04
S001557,SKU_0152,37,2028-04-05
S001558,SKU_0017,115,2028-04-06
S001559,SKU_0133,68,2028-04-07
S001560,SKU_0148,177,2028-04-08
S001561,SKU_0021,43,2028-04-09
S001562,SKU_0058,164,2028-04-10
S001563,SKU_0159,58,2028-04-11
S001564,SKU_0110,13,2028-04-12
S001565,SKU_0139,52,2028-04-13
S001566,SKU_0180,58,2028-04-14
S001567,SKU_0143,32,2028-04-15
S001568,SKU_0135,105,2028-04-16
S001569,SKU_0028,188,2028-04-17
S001570,SKU_0051,83,2028-04-18
S001571,SKU_0186,186,2028-04-19
S001572,SKU_0005,99,2028-04-20
S001573,SKU_0005,104,2028-04-21
S001574,SKU_0094,184,2028-04-22
S001575,SKU_0096,28,2028-04-23
S001576,SKU_0008,129,2028-04-24
S001577,SKU_0064,170,2028-04-25
S001578,SKU_0138,48,2028-04-26
S001579,SKU_0038,40,2028-04-27
S001580,SKU_0111,97,2028-04-28
S001581,SKU_0112,191,2028-04-29
S001582,SKU_0081,114,2028-04-30
S001583,SKU_0136,132,2028-05-01
S001584,SKU_0104,166,2028-05-02
S001585,SKU_0153,155,2028-05-03
S001586,SKU_0073,137,2028-05-04
S001587,SKU_0194,111,2028-05-05
S001588,SKU_0178,144,2028-05-06
S001589,SKU_0195,184,2028-05-07
S001590,SKU_0049,76,2028-05-08
S001591,SKU_0036,31,2028-05-09
S001592,SKU_0126,119,2028-05-10
S001593,SKU_0068,142,2028-05-11
S001594,SKU_0078,25,2028-05-12
S001595,SKU_0105,34,2028-05-13
S001596,SKU_0169,67,2028-05-14
S001597,SKU_0122,152,2028-05-15
S001598,SKU_0119,118,2028-05-16
S001599,SKU_0190,73,2028-05-17
S001600,SKU_0114,26,2028-05-18
S001601,SKU_0010,148,2028-05-19
S001602,SKU_0149,192,2028-05-20
S001603,SKU_0164,104,2028-05-21
S001604,SKU_0140,10,2028-05-22
S001605,SKU_0091,67,2028-05-23
S001606,SKU_0002,152,2028-05-24
S001607,SKU_0118,5,2028-05-25
S001608,SKU_0013,195,2028-05-26
S001609,SKU_0181,186,2028-05-27
S001610,SKU_0160,27,2028-05-28
S001611,SKU_0095,113,2028-05-29
S001612,SKU_0144,15,2028-05-30
S001613,SKU_0032,163,2028-05-31
S001614,SKU_0032,105,2028-06-01
S001615,SKU_0124,181,2028-06-02
S001616,SKU_0011,44,2028-06-03
S001617,SKU_0010,26,2028-06-04
S001618,SKU_0015,175,2028-06-05
S001619,SKU_0017,162,2028-06-06
S001620,SKU_0168,95,2028-06-07
S001621,SKU_0146,178,2028-06-08
S001622,SKU_0183,84,2028-06-09
S001623,SKU_0153,140,2028-06-10
S001624,SKU_0059,132,2028-06-11
S001625,SKU_0078,87,2028-06-12
S001626,SKU_0124,176,2028-06-13
S001627,SKU_0114,183,2028-06-14
S001628,SKU_0022,112,2028-06-15
S001629,SKU_0158,129,2028-06-16
S001630,SKU_0172,89,2028-06-17
S001631,SKU_0032,66,2028-06-18
S001632,SKU_0179,158,2028-06-19
S001633,SKU_0174,131,2028-06-20
S001634,SKU_0113,122,2028-06-21
S001635,SKU_0120,149,2028-06-22
S001636,SKU_0149,84,2028-06-23
S001637,SKU_0122,177,2028-06-24
S001638,SKU_0032,116,2028-06-25
S001639,SKU_0119,190,2028-06-26
S001640,SKU_0039,116,2028-06-27
S001641,SKU_0012,38,2028-06-28
S001642,SKU_0175,143,2028-06-29
S001643,SKU_0018,110,2028-06-30
S001644,SKU_0149,180,2028-07-01
S001645,SKU_0141,46,2028-07-02
S001646,SKU_0149,25,2028-07-03
S001647,SKU_0126,21,2028-07-04
S001648,SKU_0136,121,2028-07-05
S001649,SKU_0046,122,2028-07-06
S001650,SKU_0104,133,2028-07-07
S001651,SKU_0135,70,2028-07-08
S001652,SKU_0151,113,2028-07-09
S001653,SKU_0086,107,2028-07-10
S001654,SKU_0150,112,2028-07-11
S001655,SKU_0089,108,2028-07-12
S001656,SKU_0022,47,2028-07-13
S001657,SKU_0092,196,2028-07-14
S001658,SKU_0029,91,2028-07-15
S001659,SKU_0013,18,2028-07-16
S001660,SKU_0002,149,2028-07-17
S001661,SKU_0029,104,2028-07-18
S001662,SKU_0180,151,2028-07-19
S001663,SKU_0027,192,2028-07-20
S001664,SKU_0050,195,2028-07-21
S001665,SKU_0095,40,2028-07-22
S001666,SKU_0151,138,2028-07-23
S001667,SKU_0088,89,2028-07-24
S001668,SKU_0044,180,2028-07-25
S001669,SKU_0022,61,2028-07-26
S001670,SKU_0171,192,2028-07-27
S001671,SKU_0165,5,2028-07-28
S001672,SKU_0189,122,2028-07-29
S001673,SKU_0097,181,2028-07-30
S001674,SKU_0184,55,2028-07-31
S001675,SKU_0003,37,2028-08-01
S001676,SKU_0191,56,2028-08-02
S001677,SKU_0118,187,2028-08-03
S001678,SKU_0019,102,2028-08-04
S001679,SKU_0023,93,2028-08-05
S001680,SKU_0157,197,2028-08-06
S001681,SKU_0030,73,2028-08-07
S001682,SKU_0039,59,2028-08-08
S001683,SKU_0108,2,2028-08-09
S001684,SKU_0111,193,2028-08-10
S001685,SKU_0025,104,2028-08-11
S001686,SKU_0128,188,2028-08-12
S001687,SKU_0111,51,2028-08-13
S001688,SKU_0136,30,2028-08-14
S001689,SKU_0106,11,2028-08-15
S001690,SKU_0186,108,2028-08-16
S001691,SKU_0144,76,2028-08-17
S001692,SKU_0072,167,2028-08-18
S001693,SKU_0129,90,2028-08-19
S001694,SKU_0108,123,2028-08-20
S001695,SKU_0005,191,2028-08-21
S001696,SKU_0003,192,2028-08-22
S001697,SKU_0193,189,2028-08-23
S001698,SKU_0132,125,2028-08-24
S001699,SKU_0104,182,2028-08-25
S001700,SKU_0064,122,2028-08-26
S001701,SKU_0106,94,2028-08-27
S001702,SKU_0098,103,2028-08-28
S001703,SKU_0010,186,2028-08-29
S001704,SKU_0149,184,2028-08-30
S001705,SKU_0128,162,2028-08-31
S001706,SKU_0046,31,2028-09-01
S001707,SKU_0155,52,2028-09-02
S001708,SKU_0066,89,2028-09-03
S001709,SKU_0169,76,2028-09-04
S001710,SKU_0112,129,2028-09-05
S001711,SKU_0013,183,2028-09-06
S001712,SKU_0137,22,2028-09-07
S001713,SKU_0164,40,2028-09-08
S001714,SKU_0086,101,2028-09-09
S001715,SKU_0090,111,2028-09-10
S001716,SKU_0058,129,2028-09-11
S001717,SKU_0054,65,2028-09-12
S001718,SKU_0012,191,2028-09-13
S001719,SKU_0014,182,2028-09-14
S001720,SKU_0121,170,2028-09-15
S001721,SKU_0162,149,2028-09-16
S001722,SKU_0181,79,2028-09-17
S001723,SKU_0121,22,2028-09-18
S001724,SKU_0020,166,2028-09-19
S001725,SKU_0075,99,2028-09-20
S001726,SKU_0144,8,2028-09-21
S001727,SKU_0070,190,2028-09-22
S001728,SKU_0056,175,2028-09-23
S001729,SKU_0101,17,2028-09-24
S001730,SKU_0186,17,2028-09-25
S001731,SKU_0132,90,2028-09-26
S001732,SKU_0111,141,2028-09-27
S001733,SKU_0125,145,2028-09-28
S001734,SKU_0132,166,2028-09-29
S001735,SKU_0020,81,2028-09-30
S001736,SKU_0138,78,2028-10-01
S001737,SKU_0024,173,2028-10-02
S001738,SKU_0154,6,2028-10-03
S001739,SKU_0037,163,2028-10-04
S001740,SKU_0054,110,2028-10-05
S001741,SKU_0103,14,2028-10-06
S001742,SKU_0149,72,2028-10-07
S001743,SKU_0038,189,2028-10-08
S001744,SKU_0174,143,2028-10-09
S001745,SKU_0004,54,2028-10-10
S001746,SKU_0188,27,2028-10-11
S001747,SKU_0057,13,2028-10-12
S001748,SKU_0173,159,2028-10-13
S001749,SKU_0020,163,2028-10-14
S001750,SKU_0017,60,2028-10-15
S001751,SKU_0119,6,2028-10-16
S001752,SKU_0071,197,2028-10-17
S001753,SKU_0004,58,2028-10-18
S001754,SKU_0014,49,2028-10-19
S001755,SKU_0003,151,2028-10-20
S001756,SKU_0080,162,2028-10-21
S001757,SKU_0186,26,2028-10-22
S001758,SKU_0055,47,2028-10-23
S001759,SKU_0132,5,2028-10-24
S001760,SKU_0120,20,2028-10-25
S001761,SKU_0024,134,2028-10-26
S001762,SKU_0162,198,2028-10-27
S001763,SKU_0158,59,2028-10-28
S001764,SKU_0082,192,2028-10-29
S001765,SKU_0147,146,2028-10-30
S001766,SKU_0159,132,2028-10-31
S001767,SKU_0188,17,2028-11-01
S001768,SKU_0060,14,2028-11-02
S001769,SKU_0147,13,2028-11-03
S001770,SKU_0049,135,2028-11-04
S001771,SKU_0063,128,2028-11-05
S001772,SKU_0110,44,2028-11-06
S001773,SKU_0150,119,2028-11-07
S001774,SKU_0152,143,2028-11-08
S001775,SKU_0109,19,2028-11-09
S001776,SKU_0076,63,2028-11-10
S001777,SKU_0030,163,2028-11-11
S001778,SKU_0058,81,2028-11-12
S001779,SKU_0117,163,2028-11-13
S001780,SKU_0159,147,2028-11-14
S001781,SKU_0100,148,2028-11-15
S001782,SKU_0192,100,2028-11-16
S001783,SKU_0019,163,2028-11-17
S001784,SKU_0176,160,2028-11-18
S001785,SKU_0173,122,2028-11-19
S001786,SKU_0094,176,2028-11-20
S001787,SKU_0183,44,2028-11-21
S001788,SKU_0113,104,2028-11-22
S001789,SKU_0183,152,2028-11-23
S001790,SKU_0146,61,2028-11-24
S001791,SKU_0063,125,2028-11-25
S001792,SKU_0116,145,2028-11-26
S001793,SKU_0113,71,2028-11-27
S001794,SKU_0047,107,2028-11-28
S001795,SKU_0057,50,2028-11-29
S001796,SKU_0118,65,2028-11-30
S001797,SKU_0045,99,2028-12-01
S001798,SKU_0161,32,2028-12-02
S001799,SKU_0145,164,2028-12-03
S001800,SKU_0198,141,2028-12-04
S001801,SKU_0004,198,2028-12-05
S001802,SKU_0148,58,2028-12-06
S001803,SKU_0047,128,2028-12-07
S001804,SKU_0143,142,2028-12-08
S001805,SKU_0198,165,2028-12-09
S001806,SKU_0047,112,2028-12-10
S001807,SKU_0078,68,2028-12-11
S001808,SKU_0124,40,2028-12-12
S001809,SKU_0075,187,2028-12-13
S001810,SKU_0103,144,2028-12-14
S001811,SKU_0137,190,2028-12-15
S001812,SKU_0090,132,2028-12-16
S001813,SKU_0144,173,2028-12-17
S001814,SKU_0069,90,2028-12-18
S001815,SKU_0061,28,2028-12-19
S001816,SKU_0138,96,2028-12-20
S001817,SKU_0050,194,2028-12-21
S001818,SKU_0003,31,2028-12-22
S001819,SKU_0107,3,2028-12-23
S001820,SKU_0113,136,2028-12-24
S001821,SKU_0094,24,2028-12-25
S001822,SKU_0118,15,2028-12-26
S001823,SKU_0198,171,2028-12-27
S001824,SKU_0081,159,2028-12-28
S001825,SKU_0109,45,2028-12-29
S001826,SKU_0051,194,2028-12-30
S001827,SKU_0147,8,2028-12-31
S001828,SKU_0170,71,2029-01-01
S001829,SKU_0035,108,2029-01-02
S001830,SKU_0046,115,2029-01-03
S001831,SKU_0154,103,2029-01-04
S001832,SKU_0069,125,2029-01-05
S001833,SKU_0093,57,2029-01-06
S001834,SKU_0064,30,2029-01-07
S001835,SKU_0165,146,2029-01-08
S001836,SKU_0049,114,2029-01-09
S001837,SKU_0149,197,2029-01-10
S001838,SKU_0074,117,2029-01-11
S001839,SKU_0192,167,2029-01-12
S001840,SKU_0005,60,2029-01-13
S001841,SKU_0100,98,2029-01-14
S001842,SKU_0070,171,2029-01-15
S001843,SKU_0090,126,2029-01-16
S001844,SKU_0004,173,2029-01-17
S001845,SKU_0126,151,2029-01-18
S001846,SKU_0039,197,2029-01-19
S001847,SKU_0163,94,2029-01-20
S001848,SKU_0129,134,2029-01-21
S001849,SKU_0024,184,2029-01-22
S001850,SKU_0057,122,2029-01-23
S001851,SKU_0100,108,2029-01-24
S001852,SKU_0070,4,2029-01-25
S001853,SKU_0041,93,2029-01-26
S001854,SKU_0182,151,2029-01-27
S001855,SKU_0174,6,2029-01-28
S001856,SKU_0060,32,2029-01-29
S001857,SKU_0108,106,2029-01-30
S001858,SKU_0188,146,2029-01-31
S001859,SKU_0057,15,2029-02-01
S001860,SKU_0031,168,2029-02-02
S001861,SKU_0084,122,2029-02-03
S001862,SKU_0152,96,2029-02-04
S001863,SKU_0036,6,2029-02-05
S001864,SKU_0158,112,2029-02-06
S001865,SKU_0152,120,2029-02-07
S001866,SKU_0108,123,2029-02-08
S001867,SKU_0106,191,2029-02-09
S001868,SKU_0158,67,2029-02-10
S001869,SKU_0086,106,2029-02-11
S001870,SKU_0135,139,2029-02-12
S001871,SKU_0163,43,2029-02-13
S001872,SKU_0183,145,2029-02-14
S001873,SKU_0014,96,2029-02-15
S001874,SKU_0120,132,2029-02-16
S001875,SKU_0138,191,2029-02-17
S001876,SKU_0080,196,2029-02-18
S001877,SKU_0144,81,2029-02-19
S001878,SKU_0182,41,2029-02-20
S001879,SKU_0106,133,2029-02-21
S001880,SKU_0070,160,2029-02-22
S001881,SKU_0044,198,2029-02-23
S001882,SKU_0073,35,2029-02-24
S001883,SKU_0045,22,2029-02-25
S001884,SKU_0184,193,2029-02-26
S001885,SKU_0107,150,2029-02-27
S001886,SKU_0084,112,2029-02-28
S001887,SKU_0082,11,2029-03-01
S001888,SKU_0107,3,2029-03-02
S001889,SKU_0185,137,2029-03-03
S001890,SKU_0021,60,2029-03-04
S001891,SKU_0196,76,2029-03-05
S001892,SKU_0178,87,2029-03-06
S001893,SKU_0161,14,2029-03-07
S001894,SKU_0007,18,2029-03-08
S001895,SKU_0070,113,2029-03-09
S001896,SKU_0127,73,2029-03-10
S001897,SKU_0143,23,2029-03-11
S001898,SKU_0160,83,2029-03-12
S001899,SKU_0148,125,2029-03-13
S001900,SKU_0143,175,2029-03-14
S001901,SKU_0176,69,2029-03-15
S001902,SKU_0199,47,2029-03-16
S001903,SKU_0149,116,2029-03-17
S001904,SKU_0170,30,2029-03-18
S001905,SKU_0154,25,2029-03-19
S001906,SKU_0120,156,2029-03-20
S001907,SKU_0128,112,2029-03-21
S001908,SKU_0142,25,2029-03-22
S001909,SKU_0057,74,2029-03-23
S001910,SKU_0165,58,2029-03-24
S001911,SKU_0058,94,2029-03-25
S001912,SKU_0021,119,2029-03-26
S001913,SKU_0082,127,2029-03-27
S001914,SKU_0069,169,2029-03-28
S001915,SKU_0131,25,2029-03-29
S001916,SKU_0087,78,2029-03-30
S001917,SKU_0165,99,2029-03-31
S001918,SKU_0049,116,2029-04-01
S001919,SKU_0147,48,2029-04-02
S001920,SKU_0115,10,2029-04-03
S001921,SKU_0089,99,2029-04-04
S001922,SKU_0085,11,2029-04-05
S001923,SKU_0128,85,2029-04-06
S001924,SKU_0140,149,2029-04-07
S001925,SKU_0189,173,2029-04-08
S001926,SKU_0169,135,2029-04-09
S001927,SKU_0161,192,2029-04-10
S001928,SKU_0178,126,2029-04-11
S001929,SKU_0117,64,2029-04-12
S001930,SKU_0196,2,2029-04-13
S001931,SKU_0127,76,2029-04-14
S001932,SKU_0071,121,2029-04-15
S001933,SKU_0086,42,2029-04-16
S001934,SKU_0033,54,2029-04-17
S001935,SKU_0081,75,2029-04-18
S001936,SKU_0152,16,2029-04-19
S001937,SKU_0061,18,2029-04-20
S001938,SKU_0061,187,2029-04-21
S001939,SKU_0098,90,2029-04-22
S001940,SKU_0028,144,2029-04-23
S001941,SKU_0186,6,2029-04-24
S001942,SKU_0043,185,2029-04-25
S001943,SKU_0169,108,2029-04-26
S001944,SKU_0167,175,2029-04-27
S001945,SKU_0086,48,2029-04-28
S001946,SKU_0177,42,2029-04-29
S001947,SKU_0017,76,2029-04-30
S001948,SKU_0098,188,2029-05-01
S001949,SKU_0198,77,2029-05-02
S001950,SKU_0198,132,2029-05-03
S001951,SKU_0098,130,2029-05-04
S001952,SKU_0065,59,2029-05-05
S001953,SKU_0074,155,2029-05-06
S001954,SKU_0085,27,2029-05-07
S001955,SKU_0005,79,2029-05-08
S001956,SKU_0002,72,2029-05-09
S001957,SKU_0022,7,2029-05-10
S001958,SKU_0112,191,2029-05-11
S001959,SKU_0057,111,2029-05-12
S001960,SKU_0066,119,2029-05-13
S001961,SKU_0074,174,2029-05-14
S001962,SKU_0098,63,2029-05-15
S001963,SKU_0144,124,2029-05-16
S001964,SKU_0112,12,2029-05-17
S001965,SKU_0179,141,2029-05-18
S001966,SKU_0125,43,2029-05-19
S001967,SKU_0167,17,2029-05-20
S001968,SKU_0086,63,2029-05-21
S001969,SKU_0076,120,2029-05-22
S001970,SKU_0088,36,2029-05-23
S001971,SKU_0168,8,2029-05-24
S001972,SKU_0038,69,2029-05-25
S001973,SKU_0188,90,2029-05-26
S001974,SKU_0059,36,2029-05-27
S001975,SKU_0138,28,2029-05-28
S001976,SKU_0099,118,2029-05-29
S001977,SKU_0192,93,2029-05-30
S001978,SKU_0063,175,2029-05-31
S001979,SKU_0049,76,2029-06-01
S001980,SKU_0192,101,2029-06-02
S001981,SKU_0032,158,2029-06-03
S001982,SKU_0135,151,2029-06-04
S001983,SKU_0021,144,2029-06-05
S001984,SKU_0020,14,2029-06-06
S001985,SKU_0154,71,2029-06-07
S001986,SKU_0127,180,2029-06-08
S001987,SKU_0068,124,2029-06-09
S001988,SKU_0110,125,2029-06-10
S001989,SKU_0116,37,2029-06-11
S001990,SKU_0143,29,2029-06-12
S001991,SKU_0120,195,2029-06-13
S001992,SKU_0079,143,2029-06-14
S001993,SKU_0116,175,2029-06-15
S001994,SKU_0092,174,2029-06-16
S001995,SKU_0014,180,2029-06-17
S001996,SKU_0155,19,2029-06-18
S001997,SKU_0125,106,2029-06-19
S001998,SKU_0168,21,2029-06-20
S001999,SKU_0058,64,2029-06-21
S002000,SKU_0028,165,2029-06-22
S002001,SKU_0026,27,2029-06-23
S002002,SKU_0113,55,2029-06-24
S002003,SKU_0191,29,2029-06-25
S002004,SKU_0066,148,2029-06-26
S002005,SKU_0153,25,2029-06-27
S002006,SKU_0131,70,2029-06-28
S002007,SKU_0200,63,2029-06-29
S002008,SKU_0044,164,2029-06-30
S002009,SKU_0097,130,2029-07-01
S002010,SKU_0042,150,2029-07-02
S002011,SKU_0006,16,2029-07-03
S002012,SKU_0167,146,2029-07-04
S002013,SKU_0180,197,2029-07-05
S002014,SKU_0023,182,2029-07-06
S002015,SKU_0089,100,2029-07-07
S002016,SKU_0123,30,2029-07-08
S002017,SKU_0178,45,2029-07-09
S002018,SKU_0171,19,2029-07-10
S002019,SKU_0147,34,2029-07-11
S002020,SKU_0197,141,2029-07-12
S002021,SKU_0051,171,2029-07-13
S002022,SKU_0011,62,2029-07-14
S002023,SKU_0012,118,2029-07-15
S002024,SKU_0074,100,2029-07-16
S002025,SKU_0008,22,2029-07-17
S002026,SKU_0152,180,2029-07-18
S002027,SKU_0041,180,2029-07-19
S002028,SKU_0164,111,2029-07-20
S002029,SKU_0085,164,2029-07-21
S002030,SKU_0072,73,2029-07-22
S002031,SKU_0055,147,2029-07-23
S002032,SKU_0137,38,2029-07-24
S002033,SKU_0047,70,2029-07-25
S002034,SKU_0143,116,2029-07-26
S002035,SKU_0176,79,2029-07-27
S002036,SKU_0104,185,2029-07-28
S002037,SKU_0042,148,2029-07-29
S002038,SKU_0060,9,2029-07-30
S002039,SKU_0198,32,2029-07-31
S002040,SKU_0012,132,2029-08-01
S002041,SKU_0130,50,2029-08-02
S002042,SKU_0007,82,2029-08-03
S002043,SKU_0080,5,2029-08-04
S002044,SKU_0131,148,2029-08-05
S002045,SKU_0109,87,2029-08-06
S002046,SKU_0003,126,2029-08-07
S002047,SKU_0027,75,2029-08-08
S002048,SKU_0114,165,2029-08-09
S002049,SKU_0107,22,2029-08-10
S002050,SKU_0040,186,2029-08-11
S002051,SKU_0161,68,2029-08-12
S002052,SKU_0129,44,2029-08-13
S002053,SKU_0008,34,2029-08-14
S002054,SKU_0101,77,2029-08-15
S002055,SKU_0160,42,2029-08-16
S002056,SKU_0124,137,2029-08-17
S002057,SKU_0176,106,2029-08-18
S002058,SKU_0107,95,2029-08-19
S002059,SKU_0101,135,2029-08-20
S002060,SKU_0004,68,2029-08-21
S002061,SKU_0198,147,2029-08-22
S002062,SKU_0110,159,2029-08-23
S002063,SKU_0019,128,2029-08-24
S002064,SKU_0032,163,2029-08-25
S002065,SKU_0137,185,2029-08-26
S002066,SKU_0012,85,2029-08-27
S002067,SKU_0139,189,2029-08-28
S002068,SKU_0046,159,2029-08-29
S002069,SKU_0119,83,2029-08-30
S002070,SKU_0016,95,2029-08-31
S002071,SKU_0129,181,2029-09-01
S002072,SKU_0063,32,2029-09-02
S002073,SKU_0109,66,2029-09-03
S002074,SKU_0119,187,2029-09-04
S002075,SKU_0021,116,2029-09-05
S002076,SKU_0158,138,2029-09-06
S002077,SKU_0013,130,2029-09-07
S002078,SKU_0162,194,2029-09-08
S002079,SKU_0004,60,2029-09-09
S002080,SKU_0156,17,2029-09-10
S002081,SKU_0102,96,2029-09-11
S002082,SKU_0059,144,2029-09-12
S002083,SKU_0128,16,2029-09-13
S002084,SKU_0027,46,2029-09-14
S002085,SKU_0069,167,2029-09-15
S002086,SKU_0025,159,2029-09-16
S002087,SKU_0131,107,2029-09-17
S002088,SKU_0097,88,2029-09-18
S002089,SKU_0196,129,2029-09-19
S002090,SKU_0025,139,2029-09-20
S002091,SKU_0148,119,2029-09-21
S002092,SKU_0162,85,2029-09-22
S002093,SKU_0154,4,2029-09-23
S002094,SKU_0126,71,2029-09-24
S002095,SKU_0133,154,2029-09-25
S002096,SKU_0189,111,2029-09-26
S002097,SKU_0009,50,2029-09-27
S002098,SKU_0116,140,2029-09-28
S002099,SKU_0178,95,2029-09-29
S002100,SKU_0134,92,2029-09-30
S002101,SKU_0060,65,2029-10-01
S002102,SKU_0172,47,2029-10-02
S002103,SKU_0121,181,2029-10-03
S002104,SKU_0139,106,2029-10-04
S002105,SKU_0194,199,2029-10-05
S002106,SKU_0175,130,2029-10-06
S002107,SKU_0108,106,2029-10-07
S002108,SKU_0108,24,2029-10-08
S002109,SKU_0131,4,2029-10-09
S002110,SKU_0076,108,2029-10-10
S002111,SKU_0030,19,2029-10-11
S002112,SKU_0021,154,2029-10-12
S002113,SKU_0156,40,2029-10-13
S002114,SKU_0190,50,2029-10-14
S002115,SKU_0161,171,2029-10-15
S002116,SKU_0163,75,2029-10-16
S002117,SKU_0180,195,2029-10-17
S002118,SKU_0034,12,2029-10-18
S002119,SKU_0041,195,2029-10-19
S002120,SKU_0051,27,2029-10-20
S002121,SKU_0175,113,2029-10-21
S002122,SKU_0082,182,2029-10-22
S002123,SKU_0058,194,2029-10-23
S002124,SKU_0075,49,2029-10-24
S002125,SKU_0185,144,2029-10-25
S002126,SKU_0023,130,2029-10-26
S002127,SKU_0176,60,2029-10-27
S002128,SKU_0128,182,2029-10-28
S002129,SKU_0150,30,2029-10-29
S002130,SKU_0017,84,2029-10-30
S002131,SKU_0069,166,2029-10-31
S002132,SKU_0108,28,2029-11-01
S002133,SKU_0139,25,2029-11-02
S002134,SKU_0094,96,2029-11-03
S002135,SKU_0015,125,2029-11-04
S002136,SKU_0091,10,2029-11-05
S002137,SKU_0163,188,2029-11-06
S002138,SKU_0033,42,2029-11-07
S002139,SKU_0125,40,2029-11-08
S002140,SKU_0016,77,2029-11-09
S002141,SKU_0162,105,2029-11-10
S002142,SKU_0066,118,2029-11-11
S002143,SKU_0168,42,2029-11-12
S002144,SKU_0156,47,2029-11-13
S002145,SKU_0047,165,2029-11-14
S002146,SKU_0167,22,2029-11-15
S002147,SKU_0198,185,2029-11-16
S002148,SKU_0148,107,2029-11-17
S002149,SKU_0124,27,2029-11-18
S002150,SKU_0001,41,2029-11-19
S002151,SKU_0200,80,2029-11-20
S002152,SKU_0087,162,2029-11-21
S002153,SKU_0128,160,2029-11-22
S002154,SKU_0191,89,2029-11-23
S002155,SKU_0067,66,2029-11-24
S002156,SKU_0004,12,2029-11-25
S002157,SKU_0186,168,2029-11-26
S002158,SKU_0153,73,2029-11-27
S002159,SKU_0047,76,2029-11-28
S002160,SKU_0038,90,2029-11-29
S002161,SKU_0143,10,2029-11-30
S002162,SKU_0191,96,2029-12-01
S002163,SKU_0021,176,2029-12-02
S002164,SKU_0057,20,2029-12-03
S002165,SKU_0117,39,2029-12-04
S002166,SKU_0181,60,2029-12-05
S002167,SKU_0046,66,2029-12-06
S002168,SKU_0142,65,2029-12-07
S002169,SKU_0145,179,2029-12-08
S002170,SKU_0039,124,2029-12-09
S002171,SKU_0137,164,2029-12-10
S002172,SKU_0099,152,2029-12-11
S002173,SKU_0077,155,2029-12-12
S002174,SKU_0115,130,2029-12-13
S002175,SKU_0134,159,2029-12-14
S002176,SKU_0151,57,2029-12-15
S002177,SKU_0187,78,2029-12-16
S002178,SKU_0091,194,2029-12-17
S002179,SKU_0098,29,2029-12-18
S002180,SKU_0120,15,2029-12-19
S002181,SKU_0046,12,2029-12-20
S002182,SKU_0038,101,2029-12-21
S002183,SKU_0142,156,2029-12-22
S002184,SKU_0100,84,2029-12-23
S002185,SKU_0072,125,2029-12-24
S002186,SKU_0190,103,2029-12-25
S002187,SKU_0035,24,2029-12-26
S002188,SKU_0147,149,2029-12-27
S002189,SKU_0030,138,2029-12-28
S002190,SKU_0078,110,2029-12-29
S002191,SKU_0084,78,2029-12-30
S002192,SKU_0113,101,2029-12-31
S002193,SKU_0025,146,2030-01-01
S002194,SKU_0168,142,2030-01-02
S002195,SKU_0088,162,2030-01-03
S002196,SKU_0014,128,2030-01-04
S002197,SKU_0154,58,2030-01-05
S002198,SKU_0102,76,2030-01-06
S002199,SKU_0150,150,2030-01-07
S002200,SKU_0176,198,2030-01-08
S002201,SKU_0083,36,2030-01-09
S002202,SKU_0110,173,2030-01-10
S002203,SKU_0179,164,2030-01-11
S002204,SKU_0131,22,2030-01-12
S002205,SKU_0170,127,2030-01-13
S002206,SKU_0019,80,2030-01-14
S002207,SKU_0028,189,2030-01-15
S002208,SKU_0173,100,2030-01-16
S002209,SKU_0071,184,2030-01-17
S002210,SKU_0063,96,2030-01-18
S002211,SKU_0073,161,2030-01-19
S002212,SKU_0124,173,2030-01-20
S002213,SKU_0119,164,2030-01-21
S002214,SKU_0121,148,2030-01-22
S002215,SKU_0019,18,2030-01-23
S002216,SKU_0175,38,2030-01-24
S002217,SKU_0142,195,2030-01-25
S002218,SKU_0120,151,2030-01-26
S002219,SKU_0166,109,2030-01-27
S002220,SKU_0181,123,2030-01-28
S002221,SKU_0061,144,2030-01-29
S002222,SKU_0164,187,2030-01-30
S002223,SKU_0168,197,2030-01-31
S002224,SKU_0030,196,2030-02-01
S002225,SKU_0009,149,2030-02-02
S002226,SKU_0064,104,2030-02-03
S002227,SKU_0161,198,2030-02-04
S002228,SKU_0120,140,2030-02-05
S002229,SKU_0052,144,2030-02-06
S002230,SKU_0089,81,2030-02-07
S002231,SKU_0142,87,2030-02-08
S002232,SKU_0053,142,2030-02-09
S002233,SKU_0187,61,2030-02-10
S002234,SKU_0078,199,2030-02-11
S002235,SKU_0041,46,2030-02-12
S002236,SKU_0196,32,2030-02-13
S002237,SKU_0068,15,2030-02-14
S002238,SKU_0008,44,2030-02-15
S002239,SKU_0002,145,2030-02-16
S002240,SKU_0105,169,2030-02-17
S002241,SKU_0125,54,2030-02-18
S002242,SKU_0110,44,2030-02-19
S002243,SKU_0086,98,2030-02-20
S002244,SKU_0169,5,2030-02-21
S002245,SKU_0120,109,2030-02-22
S002246,SKU_0127,27,2030-02-23
S002247,SKU_0183,116,2030-02-24
S002248,SKU_0016,87,2030-02-25
S002249,SKU_0062,104,2030-02-26
S002250,SKU_0113,123,2030-02-27
S002251,SKU_0176,79,2030-02-28
S002252,SKU_0158,43,2030-03-01
S002253,SKU_0012,97,2030-03-02
S002254,SKU_0035,31,2030-03-03
S002255,SKU_0011,99,2030-03-04
S002256,SKU_0064,17,2030-03-05
S002257,SKU_0050,83,2030-03-06
S002258,SKU_0149,110,2030-03-07
S002259,SKU_0069,182,2030-03-08
S002260,SKU_0048,190,2030-03-09
S002261,SKU_0020,32,2030-03-10
S002262,SKU_0101,168,2030-03-11
S002263,SKU_0195,141,2030-03-12
S002264,SKU_0172,35,2030-03-13
S002265,SKU_0161,133,2030-03-14
S002266,SKU_0189,29,2030-03-15
S002267,SKU_0137,70,2030-03-16
S002268,SKU_0068,153,2030-03-17
S002269,SKU_0035,95,2030-03-18
S002270,SKU_0065,22,2030-03-19
S002271,SKU_0008,194,2030-03-20
S002272,SKU_0045,173,2030-03-21
S002273,SKU_0087,69,2030-03-22
S002274,SKU_0175,89,2030-03-23
S002275,SKU_0168,72,2030-03-24
S002276,SKU_0076,129,2030-03-25
S002277,SKU_0182,172,2030-03-26
S002278,SKU_0076,87,2030-03-27
S002279,SKU_0174,96,2030-03-28
S002280,SKU_0047,75,2030-03-29
S002281,SKU_0015,167,2030-03-30
S002282,SKU_0105,54,2030-03-31
S002283,SKU_0147,88,2030-04-01
S002284,SKU_0026,157,2030-04-02
S002285,SKU_0052,54,2030-04-03
S002286,SKU_0093,16,2030-04-04
S002287,SKU_0150,99,2030-04-05
S002288,SKU_0021,20,2030-04-06
S002289,SKU_0051,46,2030-04-07
S002290,SKU_0038,195,2030-04-08
S002291,SKU_0020,193,2030-04-09
S002292,SKU_0157,127,2030-04-10
S002293,SKU_0179,58,2030-04-11
S002294,SKU_0132,181,2030-04-12
S002295,SKU_0055,111,2030-04-13
S002296,SKU_0199,129,2030-04-14
S002297,SKU_0092,81,2030-04-15
S002298,SKU_0028,194,2030-04-16
S002299,SKU_0004,157,2030-04-17
S002300,SKU_0150,84,2030-04-18
S002301,SKU_0076,70,2030-04-19
S002302,SKU_0173,8,2030-04-20
S002303,SKU_0067,29,2030-04-21
S002304,SKU_0086,112,2030-04-22
S002305,SKU_0194,179,2030-04-23
S002306,SKU_0162,161,2030-04-24
S002307,SKU_0091,131,2030-04-25
S002308,SKU_0183,188,2030-04-26
S002309,SKU_0105,163,2030-04-27
S002310,SKU_0001,197,2030-04-28
S002311,SKU_0072,108,2030-04-29
S002312,SKU_0087,109,2030-04-30
S002313,SKU_0166,20,2030-05-01
S002314,SKU_0006,73,2030-05-02
S002315,SKU_0153,167,2030-05-03
S002316,SKU_0145,4,2030-05-04
S002317,SKU_0061,19,2030-05-05
S002318,SKU_0012,102,2030-05-06
S002319,SKU_0006,173,2030-05-07
S002320,SKU_0027,171,2030-05-08
S002321,SKU_0136,141,2030-05-09
S002322,SKU_0124,141,2030-05-10
S002323,SKU_0106,188,2030-05-11
S002324,SKU_0193,185,2030-05-12
S002325,SKU_0185,86,2030-05-13
S002326,SKU_0093,52,2030-05-14
S002327,SKU_0109,111,2030-05-15
S002328,SKU_0099,181,2030-05-16
S002329,SKU_0168,109,2030-05-17
S002330,SKU_0142,86,2030-05-18
S002331,SKU_0035,43,2030-05-19
S002332,SKU_0176,42,2030-05-20
S002333,SKU_0084,90,2030-05-21
S002334,SKU_0056,115,2030-05-22
S002335,SKU_0177,26,2030-05-23
S002336,SKU_0141,151,2030-05-24
S002337,SKU_0189,43,2030-05-25
S002338,SKU_0049,77,2030-05-26
S002339,SKU_0046,156,2030-05-27
S002340,SKU_0113,137,2030-05-28
S002341,SKU_0190,20,2030-05-29
S002342,SKU_0136,184,2030-05-30
S002343,SKU_0043,39,2030-05-31
S002344,SKU_0148,179,2030-06-01
S002345,SKU_0124,12,2030-06-02
S002346,SKU_0097,183,2030-06-03
S002347,SKU_0090,11,2030-06-04
S002348,SKU_0039,154,2030-06-05
S002349,SKU_0085,42,2030-06-06
S002350,SKU_0177,155,2030-06-07
S002351,SKU_0192,11,2030-06-08
S002352,SKU_0062,38,2030-06-09
S002353,SKU_0106,98,2030-06-10
S002354,SKU_0107,171,2030-06-11
S002355,SKU_0054,19,2030-06-12
S002356,SKU_0126,192,2030-06-13
S002357,SKU_0009,134,2030-06-14
S002358,SKU_0088,174,2030-06-15
S002359,SKU_0037,116,2030-06-16
S002360,SKU_0049,113,2030-06-17
S002361,SKU_0041,170,2030-06-18
S002362,SKU_0017,65,2030-06-19
S002363,SKU_0088,99,2030-06-20
S002364,SKU_0021,72,2030-06-21
S002365,SKU_0051,187,2030-06-22
S002366,SKU_0059,52,2030-06-23
S002367,SKU_0167,118,2030-06-24
S002368,SKU_0183,175,2030-06-25
S002369,SKU_0041,120,2030-06-26
S002370,SKU_0039,7,2030-06-27
S002371,SKU_0141,11,2030-06-28
S002372,SKU_0192,103,2030-06-29
S002373,SKU_0011,61,2030-06-30
S002374,SKU_0147,68,2030-07-01
S002375,SKU_0139,153,2030-07-02
S002376,SKU_0077,140,2030-07-03
S002377,SKU_0127,154,2030-07-04
S002378,SKU_0046,102,2030-07-05
S002379,SKU_0045,110,2030-07-06
S002380,SKU_0001,140,2030-07-07
S002381,SKU_0168,171,2030-07-08
S002382,SKU_0108,51,2030-07-09
S002383,SKU_0019,117,2030-07-10
S002384,SKU_0076,165,2030-07-11
S002385,SKU_0072,46,2030-07-12
S002386,SKU_0200,53,2030-07-13
S002387,SKU_0189,88,2030-07-14
S002388,SKU_0109,121,2030-07-15
S002389,SKU_0012,13,2030-07-16
S002390,SKU_0189,89,2030-07-17
S002391,SKU_0161,125,2030-07-18
S002392,SKU_0045,118,2030-07-19
S002393,SKU_0090,54,2030-07-20
S002394,SKU_0103,185,2030-07-21
S002395,SKU_0197,116,2030-07-22
S002396,SKU_0008,118,2030-07-23
S002397,SKU_0153,4,2030-07-24
S002398,SKU_0091,75,2030-07-25
S002399,SKU_0174,49,2030-07-26
S002400,SKU_0087,7,2030-07-27
S002401,SKU_0158,110,2030-07-28
S002402,SKU_0175,122,2030-07-29
S002403,SKU_0177,11,2030-07-30
S002404,SKU_0175,92,2030-07-31
S002405,SKU_0084,182,2030-08-01
S002406,SKU_0082,173,2030-08-02
S002407,SKU_0146,23,2030-08-03
S002408,SKU_0194,28,2030-08-04
S002409,SKU_0068,111,2030-08-05
S002410,SKU_0161,57,2030-08-06
S002411,SKU_0127,26,2030-08-07
S002412,SKU_0164,153,2030-08-08
S002413,SKU_0082,54,2030-08-09
S002414,SKU_0147,29,2030-08-10
S002415,SKU_0156,97,2030-08-11
S002416,SKU_0168,164,2030-08-12
S002417,SKU_0084,14,2030-08-13
S002418,SKU_0113,78,2030-08-14
S002419,SKU_0076,35,2030-08-15
S002420,SKU_0122,30,2030-08-16
S002421,SKU_0143,92,2030-08-17
S002422,SKU_0041,17,2030-08-18
S002423,SKU_0167,195,2030-08-19
S002424,SKU_0002,158,2030-08-20
S002425,SKU_0191,93,2030-08-21
S002426,SKU_0029,173,2030-08-22
S002427,SKU_0105,79,2030-08-23
S002428,SKU_0194,110,2030-08-24
S002429,SKU_0051,179,2030-08-25
S002430,SKU_0075,102,2030-08-26
S002431,SKU_0010,106,2030-08-27
S002432,SKU_0142,47,2030-08-28
S002433,SKU_0051,181,2030-08-29
S002434,SKU_0118,64,2030-08-30
S002435,SKU_0121,166,2030-08-31
S002436,SKU_0039,64,2030-09-01
S002437,SKU_0028,87,2030-09-02
S002438,SKU_0003,7,2030-09-03
S002439,SKU_0084,22,2030-09-04
S002440,SKU_0198,81,2030-09-05
S002441,SKU_0155,169,2030-09-06
S002442,SKU_0117,74,2030-09-07
S002443,SKU_0002,138,2030-09-08
S002444,SKU_0093,185,2030-09-09
S002445,SKU_0166,135,2030-09-10
S002446,SKU_0131,125,2030-09-11
S002447,SKU_0144,50,2030-09-12
S002448,SKU_0094,52,2030-09-13
S002449,SKU_0040,161,2030-09-14
S002450,SKU_0002,1,2030-09-15
S002451,SKU_0081,181,2030-09-16
S002452,SKU_0169,188,2030-09-17
S002453,SKU_0012,162,2030-09-18
S002454,SKU_0163,4,2030-09-19
S002455,SKU_0065,145,2030-09-20
S002456,SKU_0055,132,2030-09-21
S002457,SKU_0045,171,2030-09-22
S002458,SKU_0101,4,2030-09-23
S002459,SKU_0062,1,2030-09-24
S002460,SKU_0049,71,2030-09-25
S002461,SKU_0127,178,2030-09-26
S002462,SKU_0153,189,2030-09-27
S002463,SKU_0023,35,2030-09-28
S002464,SKU_0152,8,2030-09-29
S002465,SKU_0038,152,2030-09-30
S002466,SKU_0028,36,2030-10-01
S002467,SKU_0021,178,2030-10-02
S002468,SKU_0182,123,2030-10-03
S002469,SKU_0107,43,2030-10-04
S002470,SKU_0146,27,2030-10-05
S002471,SKU_0164,32,2030-10-06
S002472,SKU_0099,78,2030-10-07
S002473,SKU_0173,121,2030-10-08
S002474,SKU_0119,146,2030-10-09
S002475,SKU_0073,156,2030-10-10
S002476,SKU_0181,157,2030-10-11
S002477,SKU_0122,16,2030-10-12
S002478,SKU_0030,99,2030-10-13
S002479,SKU_0188,47,2030-10-14
S002480,SKU_0108,187,2030-10-15
S002481,SKU_0098,31,2030-10-16
S002482,SKU_0032,4,2030-10-17
S002483,SKU_0195,165,2030-10-18
S002484,SKU_0195,17,2030-10-19
S002485,SKU_0156,39,2030-10-20
S002486,SKU_0172,48,2030-10-21
S002487,SKU_0079,174,2030-10-22
S002488,SKU_0041,176,2030-10-23
S002489,SKU_0063,39,2030-10-24
S002490,SKU_0023,132,2030-10-25
S002491,SKU_0104,30,2030-10-26
S002492,SKU_0075,158,2030-10-27
S002493,SKU_0048,22,2030-10-28
S002494,SKU_0160,66,2030-10-29
S002495,SKU_0057,108,2030-10-30
S002496,SKU_0118,12,2030-10-31
S002497,SKU_0100,36,2030-11-01
S002498,SKU_0124,18,2030-11-02
S002499,SKU_0161,90,2030-11-03
S002500,SKU_0152,181,2030-11-04
S002501,SKU_0167,199,2030-11-05
S002502,SKU_0034,1,2030-11-06
S002503,SKU_0184,127,2030-11-07
S002504,SKU_0156,186,2030-11-08
S002505,SKU_0165,90,2030-11-09
S002506,SKU_0007,87,2030-11-10
S002507,SKU_0196,90,2030-11-11
S002508,SKU_0165,134,2030-11-12
S002509,SKU_0056,70,2030-11-13
S002510,SKU_0065,44,2030-11-14
S002511,SKU_0193,152,2030-11-15
S002512,SKU_0047,86,2030-11-16
S002513,SKU_0148,19,2030-11-17
S002514,SKU_0019,101,2030-11-18
S002515,SKU_0157,146,2030-11-19
S002516,SKU_0188,95,2030-11-20
S002517,SKU_0146,101,2030-11-21
S002518,SKU_0163,30,2030-11-22
S002519,SKU_0171,170,2030-11-23
S002520,SKU_0126,33,2030-11-24
S002521,SKU_0139,12,2030-11-25
S002522,SKU_0049,118,2030-11-26
S002523,SKU_0113,94,2030-11-27
S002524,SKU_0038,155,2030-11-28
S002525,SKU_0064,167,2030-11-29
S002526,SKU_0069,137,2030-11-30
S002527,SKU_0136,149,2030-12-01
S002528,SKU_0162,76,2030-12-02
S002529,SKU_0176,29,2030-12-03
S002530,SKU_0116,161,2030-12-04
S002531,SKU_0184,190,2030-12-05
S002532,SKU_0065,117,2030-12-06
S002533,SKU_0031,15,2030-12-07
S002534,SKU_0132,2,2030-12-08
S002535,SKU_0113,180,2030-12-09
S002536,SKU_0109,117,2030-12-10
S002537,SKU_0178,172,2030-12-11
S002538,SKU_0069,182,2030-12-12
S002539,SKU_0158,18,2030-12-13
S002540,SKU_0120,3,2030-12-14
S002541,SKU_0088,135,2030-12-15
S002542,SKU_0187,171,2030-12-16
S002543,SKU_0067,166,2030-12-17
S002544,SKU_0075,165,2030-12-18
S002545,SKU_0045,186,2030-12-19
S002546,SKU_0004,161,2030-12-20
S002547,SKU_0154,108,2030-12-21
S002548,SKU_0155,187,2030-12-22
S002549,SKU_0174,95,2030-12-23
S002550,SKU_0107,122,2030-12-24
S002551,SKU_0192,11,2030-12-25
S002552,SKU_0051,68,2030-12-26
S002553,SKU_0050,123,2030-12-27
S002554,SKU_0006,196,2030-12-28
S002555,SKU_0059,113,2030-12-29
S002556,SKU_0125,98,2030-12-30
S002557,SKU_0143,93,2030-12-31
S002558,SKU_0030,22,2031-01-01
S002559,SKU_0170,194,2031-01-02
S002560,SKU_0122,172,2031-01-03
S002561,SKU_0125,127,2031-01-04
S002562,SKU_0037,134,2031-01-05
S002563,SKU_0170,170,2031-01-06
S002564,SKU_0124,25,2031-01-07
S002565,SKU_0101,185,2031-01-08
S002566,SKU_0035,85,2031-01-09
S002567,SKU_0087,55,2031-01-10
S002568,SKU_0134,144,2031-01-11
S002569,SKU_0196,95,2031-01-12
S002570,SKU_0018,142,2031-01-13
S002571,SKU_0113,167,2031-01-14
S002572,SKU_0029,156,2031-01-15
S002573,SKU_0077,179,2031-01-16
S002574,SKU_0059,119,2031-01-17
S002575,SKU_0175,177,2031-01-18
S002576,SKU_0126,9,2031-01-19
S002577,SKU_0145,186,2031-01-20
S002578,SKU_0109,173,2031-01-21
S002579,SKU_0022,150,2031-01-22
S002580,SKU_0068,160,2031-01-23
S002581,SKU_0069,197,2031-01-24
S002582,SKU_0165,197,2031-01-25
S002583,SKU_0049,42,2031-01-26
S002584,SKU_0141,53,2031-01-27
S002585,SKU_0162,187,2031-01-28
S002586,SKU_0109,74,2031-01-29
S002587,SKU_0086,39,2031-01-30
S002588,SKU_0053,122,2031-01-31
S002589,SKU_0123,15,2031-02-01
S002590,SKU_0087,199,2031-02-02
S002591,SKU_0179,157,2031-02-03
S002592,SKU_0131,123,2031-02-04
S002593,SKU_0042,111,2031-02-05
S002594,SKU_0098,131,2031-02-06
S002595,SKU_0160,83,2031-02-07
S002596,SKU_0109,10,2031-02-08
S002597,SKU_0051,92,2031-02-09
S002598,SKU_0085,29,2031-02-10
S002599,SKU_0174,35,2031-02-11
S002600,SKU_0127,6,2031-02-12
S002601,SKU_0021,140,2031-02-13
S002602,SKU_0044,111,2031-02-14
S002603,SKU_0139,38,2031-02-15
S002604,SKU_0103,77,2031-02-16
S002605,SKU_0068,93,2031-02-17
S002606,SKU_0129,147,2031-02-18
S002607,SKU_0092,67,2031-02-19
S002608,SKU_0191,136,2031-02-20
S002609,SKU_0024,8,2031-02-21
S002610,SKU_0125,122,2031-02-22
S002611,SKU_0141,84,2031-02-23
S002612,SKU_0111,175,2031-02-24
S002613,SKU_0098,132,2031-02-25
S002614,SKU_0139,179,2031-02-26
S002615,SKU_0179,85,2031-02-27
S002616,SKU_0017,195,2031-02-28
S002617,SKU_0099,45,2031-03-01
S002618,SKU_0082,136,2031-03-02
S002619,SKU_0104,87,2031-03-03
S002620,SKU_0152,16,2031-03-04
S002621,SKU_0019,77,2031-03-05
S002622,SKU_0165,195,2031-03-06
S002623,SKU_0085,9,2031-03-07
S002624,SKU_0008,60,2031-03-08
S002625,SKU_0028,78,2031-03-09
S002626,SKU_0005,77,2031-03-10
S002627,SKU_0145,71,2031-03-11
S002628,SKU_0101,15,2031-03-12
S002629,SKU_0164,71,2031-03-13
S002630,SKU_0118,102,2031-03-14
S002631,SKU_0147,169,2031-03-15
S002632,SKU_0064,22,2031-03-16
S002633,SKU_0091,152,2031-03-17
S002634,SKU_0117,113,2031-03-18
S002635,SKU_0098,172,2031-03-19
S002636,SKU_0011,1,2031-03-20
S002637,SKU_0054,10,2031-03-21
S002638,SKU_0173,110,2031-03-22
S002639,SKU_0047,184,2031-03-23
S002640,SKU_0140,113,2031-03-24
S002641,SKU_0149,50,2031-03-25
S002642,SKU_0139,12,2031-03-26
S002643,SKU_0005,89,2031-03-27
S002644,SKU_0184,188,2031-03-28
S002645,SKU_0020,154,2031-03-29
S002646,SKU_0169,112,2031-03-30
S002647,SKU_0046,78,2031-03-31
S002648,SKU_0012,169,2031-04-01
S002649,SKU_0070,164,2031-04-02
S002650,SKU_0017,121,2031-04-03
S002651,SKU_0115,23,2031-04-04
S002652,SKU_0147,171,2031-04-05
S002653,SKU_0154,134,2031-04-06
S002654,SKU_0048,197,2031-04-07
S002655,SKU_0108,171,2031-04-08
S002656,SKU_0052,25,2031-04-09
S002657,SKU_0096,18,2031-04-10
S002658,SKU_0070,190,2031-04-11
S002659,SKU_0183,141,2031-04-12
S002660,SKU_0102,43,2031-04-13
S002661,SKU_0075,78,2031-04-14
S002662,SKU_0161,28,2031-04-15
S002663,SKU_0190,146,2031-04-16
S002664,SKU_0151,59,2031-04-17
S002665,SKU_0143,188,2031-04-18
S002666,SKU_0155,63,2031-04-19
S002667,SKU_0192,185,2031-04-20
S002668,SKU_0179,92,2031-04-21
S002669,SKU_0181,179,2031-04-22
S002670,SKU_0082,56,2031-04-23
S002671,SKU_0092,155,2031-04-24
S002672,SKU_0179,160,2031-04-25
S002673,SKU_0175,111,2031-04-26
S002674,SKU_0004,137,2031-04-27
S002675,SKU_0135,68,2031-04-28
S002676,SKU_0109,46,2031-04-29
S002677,SKU_0163,67,2031-04-30
S002678,SKU_0048,154,2031-05-01
S002679,SKU_0073,136,2031-05-02
S002680,SKU_0072,6,2031-05-03
S002681,SKU_0116,24,2031-05-04
S002682,SKU_0173,176,2031-05-05
S002683,SKU_0081,94,2031-05-06
S002684,SKU_0081,173,2031-05-07
S002685,SKU_0113,13,2031-05-08
S002686,SKU_0096,197,2031-05-09
S002687,SKU_0072,25,2031-05-10
S002688,SKU_0147,148,2031-05-11
S002689,SKU_0063,118,2031-05-12
S002690,SKU_0038,82,2031-05-13
S002691,SKU_0067,111,2031-05-14
S002692,SKU_0187,82,2031-05-15
S002693,SKU_0069,66,2031-05-16
S002694,SKU_0013,45,2031-05-17
S002695,SKU_0175,114,2031-05-18
S002696,SKU_0189,175,2031-05-19
S002697,SKU_0031,63,2031-05-20
S002698,SKU_0114,76,2031-05-21
S002699,SKU_0022,114,2031-05-22
S002700,SKU_0093,111,2031-05-23
S002701,SKU_0171,183,2031-05-24
S002702,SKU_0067,147,2031-05-25
S002703,SKU_0054,35,2031-05-26
S002704,SKU_0138,53,2031-05-27
S002705,SKU_0042,26,2031-05-28
S002706,SKU_0064,14,2031-05-29
S002707,SKU_0126,118,2031-05-30
S002708,SKU_0021,45,2031-05-31
S002709,SKU_0194,172,2031-06-01
S002710,SKU_0169,193,2031-06-02
S002711,SKU_0152,51,2031-06-03
S002712,SKU_0035,171,2031-06-04
S002713,SKU_0184,119,2031-06-05
S002714,SKU_0030,151,2031-06-06
S002715,SKU_0057,184,2031-06-07
S002716,SKU_0047,19,2031-06-08
S002717,SKU_0163,82,2031-06-09
S002718,SKU_0019,76,2031-06-10
S002719,SKU_0114,183,2031-06-11
S002720,SKU_0008,92,2031-06-12
S002721,SKU_0026,188,2031-06-13
S002722,SKU_0113,187,2031-06-14
S002723,SKU_0071,33,2031-06-15
S002724,SKU_0030,147,2031-06-16
S002725,SKU_0135,28,2031-06-17
S002726,SKU_0067,123,2031-06-18
S002727,SKU_0065,180,2031-06-19
S002728,SKU_0036,126,2031-06-20
S002729,SKU_0025,177,2031-06-21
S002730,SKU_0037,37,2031-06-22
S002731,SKU_0001,154,2031-06-23
S002732,SKU_0143,99,2031-06-24
S002733,SKU_0037,98,2031-06-25
S002734,SKU_0141,127,2031-06-26
S002735,SKU_0136,168,2031-06-27
S002736,SKU_0133,80,2031-06-28
S002737,SKU_0188,38,2031-06-29
S002738,SKU_0128,77,2031-06-30
S002739,SKU_0127,126,2031-07-01
S002740,SKU_0001,87,2031-07-02
S002741,SKU_0164,54,2031-07-03
S002742,SKU_0035,150,2031-07-04
S002743,SKU_0194,16,2031-07-05
S002744,SKU_0191,28,2031-07-06
S002745,SKU_0104,163,2031-07-07
S002746,SKU_0023,188,2031-07-08
S002747,SKU_0009,173,2031-07-09
S002748,SKU_0034,46,2031-07-10
S002749,SKU_0174,72,2031-07-11
S002750,SKU_0128,183,2031-07-12
S002751,SKU_0004,85,2031-07-13
S002752,SKU_0158,26,2031-07-14
S002753,SKU_0102,85,2031-07-15
S002754,SKU_0075,153,2031-07-16
S002755,SKU_0099,65,2031-07-17
S002756,SKU_0072,134,2031-07-18
S002757,SKU_0003,151,2031-07-19
S002758,SKU_0142,115,2031-07-20
S002759,SKU_0188,64,2031-07-21
S002760,SKU_0173,87,2031-07-22
S002761,SKU_0034,171,2031-07-23
S002762,SKU_0045,107,2031-07-24
S002763,SKU_0061,151,2031-07-25
S002764,SKU_0083,96,2031-07-26
S002765,SKU_0123,158,2031-07-27
S002766,SKU_0102,77,2031-07-28
S002767,SKU_0016,146,2031-07-29
S002768,SKU_0066,87,2031-07-30
S002769,SKU_0168,149,2031-07-31
S002770,SKU_0145,57,2031-08-01
S002771,SKU_0119,103,2031-08-02
S002772,SKU_0162,151,2031-08-03
S002773,SKU_0124,91,2031-08-04
S002774,SKU_0144,45,2031-08-05
S002775,SKU_0102,172,2031-08-06
S002776,SKU_0188,88,2031-08-07
S002777,SKU_0066,115,2031-08-08
S002778,SKU_0194,47,2031-08-09
S002779,SKU_0013,168,2031-08-10
S002780,SKU_0184,179,2031-08-11
S002781,SKU_0111,170,2031-08-12
S002782,SKU_0159,135,2031-08-13
S002783,SKU_0034,50,2031-08-14
S002784,SKU_0039,176,2031-08-15
S002785,SKU_0195,84,2031-08-16
S002786,SKU_0136,91,2031-08-17
S002787,SKU_0120,134,2031-08-18
S002788,SKU_0126,91,2031-08-19
S002789,SKU_0055,137,2031-08-20
S002790,SKU_0027,109,2031-08-21
S002791,SKU_0118,57,2031-08-22
S002792,SKU_0053,31,2031-08-23
S002793,SKU_0039,21,2031-08-24
S002794,SKU_0065,90,2031-08-25
S002795,SKU_0145,40,2031-08-26
S002796,SKU_0158,112,2031-08-27
S002797,SKU_0181,45,2031-08-28
S002798,SKU_0013,77,2031-08-29
S002799,SKU_0021,177,2031-08-30
S002800,SKU_0147,87,2031-08-31
S002801,SKU_0053,148,2031-09-01
S002802,SKU_0019,101,2031-09-02
S002803,SKU_0057,117,2031-09-03
S002804,SKU_0025,92,2031-09-04
S002805,SKU_0031,145,2031-09-05
S002806,SKU_0081,28,2031-09-06
S002807,SKU_0183,169,2031-09-07
S002808,SKU_0023,194,2031-09-08
S002809,SKU_0032,25,2031-09-09
S002810,SKU_0190,58,2031-09-10
S002811,SKU_0074,41,2031-09-11
S002812,SKU_0010,134,2031-09-12
S002813,SKU_0200,75,2031-09-13
S002814,SKU_0054,38,2031-09-14
S002815,SKU_0052,134,2031-09-15
S002816,SKU_0148,173,2031-09-16
S002817,SKU_0160,75,2031-09-17
S002818,SKU_0114,142,2031-09-18
S002819,SKU_0014,66,2031-09-19
S002820,SKU_0178,168,2031-09-20
S002821,SKU_0156,3,2031-09-21
S002822,SKU_0110,117,2031-09-22
S002823,SKU_0053,99,2031-09-23
S002824,SKU_0152,152,2031-09-24
S002825,SKU_0079,19,2031-09-25
S002826,SKU_0022,146,2031-09-26
S002827,SKU_0030,192,2031-09-27
S002828,SKU_0191,116,2031-09-28
S002829,SKU_0004,125,2031-09-29
S002830,SKU_0059,88,2031-09-30
S002831,SKU_0008,35,2031-10-01
S002832,SKU_0012,190,2031-10-02
S002833,SKU_0119,1,2031-10-03
S002834,SKU_0159,153,2031-10-04
S002835,SKU_0034,173,2031-10-05
S002836,SKU_0082,177,2031-10-06
S002837,SKU_0098,126,2031-10-07
S002838,SKU_0127,89,2031-10-08
S002839,SKU_0075,144,2031-10-09
S002840,SKU_0105,147,2031-10-10
S002841,SKU_0049,151,2031-10-11
S002842,SKU_0079,25,2031-10-12
S002843,SKU_0185,16,2031-10-13
S002844,SKU_0093,182,2031-10-14
S002845,SKU_0154,73,2031-10-15
S002846,SKU_0018,129,2031-10-16
S002847,SKU_0096,42,2031-10-17
S002848,SKU_0038,147,2031-10-18
S002849,SKU_0087,162,2031-10-19
S002850,SKU_0088,80,2031-10-20
S002851,SKU_0050,104,2031-10-21
S002852,SKU_0008,183,2031-10-22
S002853,SKU_0169,146,2031-10-23
S002854,SKU_0134,34,2031-10-24
S002855,SKU_0069,89,2031-10-25
S002856,SKU_0172,125,2031-10-26
S002857,SKU_0121,45,2031-10-27
S002858,SKU_0064,134,2031-10-28
S002859,SKU_0157,21,2031-10-29
S002860,SKU_0156,122,2031-10-30
S002861,SKU_0139,70,2031-10-31
S002862,SKU_0121,96,2031-11-01
S002863,SKU_0065,105,2031-11-02
S002864,SKU_0107,48,2031-11-03
S002865,SKU_0147,39,2031-11-04
S002866,SKU_0137,31,2031-11-05
S002867,SKU_0155,10,2031-11-06
S002868,SKU_0162,30,2031-11-07
S002869,SKU_0172,18,2031-11-08
S002870,SKU_0196,188,2031-11-09
S002871,SKU_0100,88,2031-11-10
S002872,SKU_0082,125,2031-11-11
S002873,SKU_0143,73,2031-11-12
S002874,SKU_0051,15,2031-11-13
S002875,SKU_0141,4,2031-11-14
S002876,SKU_0083,191,2031-11-15
S002877,SKU_0177,168,2031-11-16
S002878,SKU_0198,9,2031-11-17
S002879,SKU_0112,109,2031-11-18
S002880,SKU_0056,137,2031-11-19
S002881,SKU_0179,154,2031-11-20
S002882,SKU_0165,132,2031-11-21
S002883,SKU_0145,16,2031-11-22
S002884,SKU_0186,143,2031-11-23
S002885,SKU_0157,99,2031-11-24
S002886,SKU_0161,121,2031-11-25
S002887,SKU_0060,52,2031-11-26
S002888,SKU_0120,69,2031-11-27
S002889,SKU_0183,5,2031-11-28
S002890,SKU_0138,20,2031-11-29
S002891,SKU_0175,79,2031-11-30
S002892,SKU_0023,146,2031-12-01
S002893,SKU_0149,111,2031-12-02
S002894,SKU_0013,2,2031-12-03
S002895,SKU_0101,93,2031-12-04
S002896,SKU_0161,13,2031-12-05
S002897,SKU_0024,4,2031-12-06
S002898,SKU_0108,170,2031-12-07
S002899,SKU_0011,109,2031-12-08
S002900,SKU_0017,74,2031-12-09
S002901,SKU_0196,189,2031-12-10
S002902,SKU_0175,95,2031-12-11
S002903,SKU_0025,105,2031-12-12
S002904,SKU_0094,8,2031-12-13
S002905,SKU_0021,67,2031-12-14
S002906,SKU_0084,191,2031-12-15
S002907,SKU_0140,110,2031-12-16
S002908,SKU_0037,9,2031-12-17
S002909,SKU_0042,117,2031-12-18
S002910,SKU_0145,11,2031-12-19
S002911,SKU_0101,99,2031-12-20
S002912,SKU_0048,42,2031-12-21
S002913,SKU_0103,141,2031-12-22
S002914,SKU_0028,164,2031-12-23
S002915,SKU_0041,120,2031-12-24
S002916,SKU_0099,141,2031-12-25
S002917,SKU_0047,12,2031-12-26
S002918,SKU_0146,37,2031-12-27
S002919,SKU_0105,74,2031-12-28
S002920,SKU_0124,73,2031-12-29
S002921,SKU_0199,52,2031-12-30
S002922,SKU_0013,199,2031-12-31
S002923,SKU_0141,130,2032-01-01
S002924,SKU_0100,56,2032-01-02
S002925,SKU_0031,60,2032-01-03
S002926,SKU_0130,23,2032-01-04
S002927,SKU_0016,103,2032-01-05
S002928,SKU_0137,40,2032-01-06
S002929,SKU_0073,64,2032-01-07
S002930,SKU_0166,85,2032-01-08
S002931,SKU_0054,151,2032-01-09
S002932,SKU_0184,157,2032-01-10
S002933,SKU_0100,179,2032-01-11
S002934,SKU_0109,197,2032-01-12
S002935,SKU_0087,89,2032-01-13
S002936,SKU_0173,31,2032-01-14
S002937,SKU_0162,178,2032-01-15
S002938,SKU_0137,20,2032-01-16
S002939,SKU_0008,183,2032-01-17
S002940,SKU_0007,130,2032-01-18
S002941,SKU_0036,153,2032-01-19
S002942,SKU_0018,13,2032-01-20
S002943,SKU_0003,122,2032-01-21
S002944,SKU_0028,103,2032-01-22
S002945,SKU_0070,106,2032-01-23
S002946,SKU_0172,119,2032-01-24
S002947,SKU_0149,70,2032-01-25
S002948,SKU_0028,195,2032-01-26
S002949,SKU_0054,186,2032-01-27
S002950,SKU_0182,99,2032-01-28
S002951,SKU_0065,82,2032-01-29
S002952,SKU_0100,75,2032-01-30
S002953,SKU_0021,118,2032-01-31
S002954,SKU_0013,84,2032-02-01
S002955,SKU_0057,192,2032-02-02
S002956,SKU_0049,69,2032-02-03
S002957,SKU_0118,59,2032-02-04
S002958,SKU_0054,188,2032-02-05
S002959,SKU_0138,126,2032-02-06
S002960,SKU_0053,111,2032-02-07
S002961,SKU_0044,62,2032-02-08
S002962,SKU_0047,144,2032-02-09
S002963,SKU_0053,128,2032-02-10
S002964,SKU_0074,105,2032-02-11
S002965,SKU_0046,68,2032-02-12
S002966,SKU_0013,15,2032-02-13
S002967,SKU_0165,183,2032-02-14
S002968,SKU_0102,35,2032-02-15
S002969,SKU_0024,183,2032-02-16
S002970,SKU_0002,14,2032-02-17
S002971,SKU_0081,177,2032-02-18
S002972,SKU_0100,102,2032-02-19
S002973,SKU_0142,100,2032-02-20
S002974,SKU_0138,7,2032-02-21
S002975,SKU_0163,30,2032-02-22
S002976,SKU_0153,49,2032-02-23
S002977,SKU_0131,144,2032-02-24
S002978,SKU_0111,111,2032-02-25
S002979,SKU_0102,179,2032-02-26
S002980,SKU_0017,72,2032-02-27
S002981,SKU_0012,80,2032-02-28
S002982,SKU_0182,83,2032-02-29
S002983,SKU_0116,42,2032-03-01
S002984,SKU_0024,17,2032-03-02
S002985,SKU_0029,191,2032-03-03
S002986,SKU_0171,173,2032-03-04
S002987,SKU_0153,7,2032-03-05
S002988,SKU_0122,155,2032-03-06
S002989,SKU_0188,10,2032-03-07
S002990,SKU_0090,34,2032-03-08
S002991,SKU_0065,36,2032-03-09
S002992,SKU_0084,153,2032-03-10
S002993,SKU_0119,6,2032-03-11
S002994,SKU_0156,152,2032-03-12
S002995,SKU_0016,146,2032-03-13
S002996,SKU_0175,134,2032-03-14
S002997,SKU_0104,29,2032-03-15
S002998,SKU_0092,126,2032-03-16
S002999,SKU_0186,153,2032-03-17
S003000,SKU_0027,183,2032-03-18
